,,,,,,,
,,,,,,,
0,47227959,0.0766145,0,0.0766145,0,0,0
0,47227965,0,0,0,0,0,0
0,47228089,0.0766145,0,0.0766145,0,0,0
0,47228194,0.0766145,0,0.0766145,0,0,0
0,47228234,0.0766145,0,0.0766145,0,0,0
0,47228255,0.0766145,0,0.0766145,0,0,0
0,47228295,0,0,0,0,0,0
0,47228357,0,0,0,0,0,0
0,47228418,0,0,0,0,0,0
0,47228438,0.0766145,0,0.0766145,0,0,0
0,47228522,0.0766145,0,0.0766145,0,0,0
0,47228580,0.0766145,0,0.0766145,0,0,0
0,47228600,0.0766145,0,0.0766145,0,0,0
0,47228622,0.0766145,0,0.0766145,0,0,0
0,47228684,0.0766145,0,0.0766145,0,0,0
0,47228725,0.0766145,0,0.0766145,0,0,0
0,47228767,0,0,0,0,0,0
0,47228848,0.0766145,0,0.0766145,0,0,0
0,47228990,0.0766145,0,0.0766145,0,0,0
0,47229030,0,0,0,0,0,0
0,47229092,0,0,0,0,0,0
0,47229113,0.0766145,0,0.0766145,0,0,0
0,47229172,0,0,0,0,0,0
0,47229199,0.0766145,0,0.0766145,0,0,0
0,47229218,0,0,0,0,0,0
0,47229315,0.0766145,0,0.0766145,0,0,0
0,47229338,0.0766145,0,0.0766145,0,0,0
0,47229500,0,0,0,0,0,0
0,47229522,0,0,0,0,0,0
0,47229560,0,0,0,0,0,0
0,47229601,0,0,0,0,0,0
0,47229621,0.0766145,0,0.0766145,0,0,0
0,47229743,0,0,0,0,0,0
0,47229785,0.0766145,0,0.0766145,0,0,0
0,47229805,0.0766145,0,0.0766145,0,0,0
0,47229868,0.0766145,0,0.0766145,0,0,0
0,47229887,0,0,0,0,0,0
0,47230052,0.0766145,0,0.0766145,0,0,0
0,47230090,0.0766145,0,0.0766145,0,0,0
0,47230110,0.153229,0,0.153229,0,0,0
0,47230194,0.153229,0,0.153229,0,0,0
0,47230195,0.0766145,0,0.0766145,0,0,0
0,47230315,0.0766145,0,0.0766145,0,0,0
0,47230337,0,0,0,0,0,0
0,47230378,0,0,0,0,0,0
0,47230419,0,0,0,0,0,0
0,47230483,0.0766145,0,0.0766145,0,0,0
0,47230484,0.0766145,0,0.0766145,0,0,0
0,47230520,0.0766145,0,0.0766145,0,0,0
0,47230583,0.0766145,0,0.0766145,0,0,0
0,47230602,0.0766145,0,0.0766145,0,0,0
0,47230683,0.0766145,0,0.0766145,0,0,0
0,47230723,0,0,0,0,0,0
0,47230764,0.0766145,0,0.0766145,0,0,0
0,47230789,0.0766145,0,0.0766145,0,0,0
0,47230908,0.0766145,0,0.0766145,0,0,0
0,47230968,0.0766145,0,0.0766145,0,0,0
0,47231009,0.0766145,0,0.0766145,0,0,0
0,47231070,0,0,0,0,0,0
0,47231090,0,0,0,0,0,0
0,47231133,0,0,0,0,0,0
0,47231152,0.0766145,0,0.0766145,0,0,0
0,47231192,0,0,0,0,0,0
0,47231214,0,0,0,0,0,0
0,47231254,0.0766145,0,0.0766145,0,0,0
0,47231375,0.0766145,0,0.0766145,0,0,0
0,47231415,0,0,0,0,0,0
0,47231477,0,0,0,0,0,0
0,47231539,0,0,0,0,0,0
0,47231559,0,0,0,0,0,0
0,47231620,0.0766145,0,0.0766145,0,0,0
0,47231644,0.0766145,0,0.0766145,0,0,0
0,47231683,0.0766145,0,0.0766145,0,0,0
0,47231725,0.0766145,0,0.0766145,0,0,0
0,47231784,0.153229,0,0.153229,0,0,0
0,47231870,0.0766145,0,0.0766145,0,0,0
0,47231908,0.0766145,0,0.0766145,0,0,0
0,47231925,0.0766145,0,0.0766145,0,0,0
0,47232113,0.0766145,0,0.0766145,0,0,0
0,47232193,0.0766145,0,0.0766145,0,0,0
0,47232213,0.0766145,0,0.0766145,0,0,0
0,47232233,0.0766145,0,0.0766145,0,0,0
0,47232253,0,0,0,0,0,0
0,47232273,0,0,0,0,0,0
0,47232314,0,0,0,0,0,0
0,47232334,0,0,0,0,0,0
0,47232388,0,0,0,0,0,0
0,47232444,0.0766145,0,0.0766145,0,0,0
0,47232475,0.0766145,0,0.0766145,0,0,0
0,47232536,0.0766145,0,0.0766145,0,0,0
0,47232579,0,0,0,0,0,0
0,47232599,0,0,0,0,0,0
0,47232640,0,0,0,0,0,0
0,47232703,0.0766145,0,0.0766145,0,0,0
0,47232784,0.0766145,0,0.0766145,0,0,0
0,47232845,0.0766145,0,0.0766145,0,0,0
0,47232904,0,0,0,0,0,0
0,47232944,0,0,0,0,0,0
0,47232972,0.0766145,0,0.0766145,0,0,0
0,47233067,0.0766145,0,0.0766145,0,0,0
0,47233110,0.153229,0,0.153229,0,0,0
0,47233152,0.153229,0,0.153229,0,0,0
0,47233172,0.0766145,0,0.0766145,0,0,0
0,47233190,0.0766145,0,0.0766145,0,0,0
0,47233211,0.0766145,0,0.0766145,0,0,0
0,47233273,0.0766145,0,0.0766145,0,0,0
0,47233313,0.0766145,0,0.0766145,0,0,0
0,47233333,0.0766145,0,0.0766145,0,0,0
0,47233354,0.0766145,0,0.0766145,0,0,0
0,47233448,0,0,0,0,0,0
0,47233477,0,0,0,0,0,0
0,47233498,0,0,0,0,0,0
0,47233559,0,0,0,0,0,0
0,47233577,0.0766145,0,0.0766145,0,0,0
0,47233597,0,0,0,0,0,0
0,47233660,0,0,0,0,0,0
0,47233744,0.0766145,0,0.0766145,0,0,0
0,47233783,0.0766145,0,0.0766145,0,0,0
0,47233843,0.0766145,0,0.0766145,0,0,0
0,47233947,0,0,0,0,0,0
0,47233987,0.0766145,0,0.0766145,0,0,0
0,47234048,0.0766145,0,0.0766145,0,0,0
0,47234128,0.0766145,0,0.0766145,0,0,0
0,47234148,0.0766145,0,0.0766145,0,0,0
0,47234189,0.0766145,0,0.0766145,0,0,0
0,47234318,0.0766145,0,0.0766145,0,0,0
0,47234353,0.0766145,0,0.0766145,0,0,0
0,47234394,0.153229,0,0.153229,0,0,0
0,47234434,0.153229,0,0.153229,0,0,0
0,47234455,0.0766145,0,0.0766145,0,0,0
0,47234475,0,0,0,0,0,0
0,47234517,0.0766145,0,0.0766145,0,0,0
0,47234558,0.0766145,0,0.0766145,0,0,0
0,47234640,0.0766145,0,0.0766145,0,0,0
0,47234659,0.0766145,0,0.0766145,0,0,0
0,47234680,0.0766145,0,0.0766145,0,0,0
0,47234699,0,0,0,0,0,0
0,47234719,-0.0766145,0,-0.0766145,0,0,0
0,47234740,0,0,0,0,0,0
0,47234782,0,0,0,0,0,0
0,47234803,0,0,0,0,0,0
0,47234825,0.0766145,0,0.0766145,0,0,0
0,47234904,0,0,0,0,0,0
0,47234925,0,0,0,0,0,0
0,47234944,0,0,0,0,0,0
0,47235007,0,0,0,0,0,0
0,47235047,0,0,0,0,0,0
0,47235129,0,0,0,0,0,0
0,47235149,0.0766145,0,0.0766145,0,0,0
0,47235189,0,0,0,0,0,0
0,47235230,0,0,0,0,0,0
0,47235253,0,0,0,0,0,0
0,47235270,0,0,0,0,0,0
0,47235290,0.0766145,0,0.0766145,0,0,0
0,47235333,0.0766145,0,0.0766145,0,0,0
0,47235374,0.0766145,0,0.0766145,0,0,0
0,47235455,0.0766145,0,0.0766145,0,0,0
0,47235498,0.0766145,0,0.0766145,0,0,0
0,47235519,0.0766145,0,0.0766145,0,0,0
0,47235536,0.0766145,0,0.0766145,0,0,0
0,47235556,0.0766145,0,0.0766145,0,0,0
0,47235598,0,0,0,0,0,0
0,47235618,-0.0766145,0,-0.0766145,0,0,0
0,47235639,0,0,0,0,0,0
0,47235679,0,0,0,0,0,0
0,47235699,0.0766145,0,0.0766145,0,0,0
0,47235740,0.153229,0,0.153229,0,0,0
0,47235760,0.153229,0,0.153229,0,0,0
0,47235781,0.0766145,0,0.0766145,0,0,0
0,47235800,0.0766145,0,0.0766145,0,0,0
0,47235840,0.153229,0,0.153229,0,0,0
0,47235881,0.153229,0,0.153229,0,0,0
0,47235923,0.0766145,0,0.0766145,0,0,0
0,47235944,0,0,0,0,0,0
0,47235985,0.0766145,0,0.0766145,0,0,0
0,47236005,0.0766145,0,0.0766145,0,0,0
0,47236068,0.0766145,0,0.0766145,0,0,0
0,47236148,0.0766145,0,0.0766145,0,0,0
0,47236169,0.0766145,0,0.0766145,0,0,0
0,47236209,0.0766145,0,0.0766145,0,0,0
0,47236270,0.0766145,0,0.0766145,0,0,0
0,47236333,0,0,0,0,0,0
0,47236372,0,0,0,0,0,0
0,47236413,0.0766145,0,0.0766145,0,0,0
0,47236434,0.0766145,0,0.0766145,0,0,0
0,47236454,0.0766145,0,0.0766145,0,0,0
0,47236515,0.0766145,0,0.0766145,0,0,0
0,47236535,0.0766145,0,0.0766145,0,0,0
0,47236578,0.0766145,0,0.0766145,0,0,0
0,47236602,0.0766145,0,0.0766145,0,0,0
0,47236679,0.0766145,0,0.0766145,0,0,0
0,47236700,0.0766145,0,0.0766145,0,0,0
0,47236740,0.0766145,0,0.0766145,0,0,0
0,47236782,0.0766145,0,0.0766145,0,0,0
0,47236802,0.0766145,0,0.0766145,0,0,0
0,47236842,0.0766145,0,0.0766145,0,0,0
0,47236878,0.0766145,0,0.0766145,0,0,0
0,47236903,0.0766145,0,0.0766145,0,0,0
0,47236943,0.0766145,0,0.0766145,0,0,0
0,47236985,0.0766145,0,0.0766145,0,0,0
0,47237027,0.0766145,0,0.0766145,0,0,0
0,47237107,0,0,0,0,0,0
0,47237126,0.0766145,0,0.0766145,0,0,0
0,47237148,0.0766145,0,0.0766145,0,0,0
0,47237250,0.0766145,0,0.0766145,0,0,0
0,47237332,0.0766145,0,0.0766145,0,0,0
0,47237373,0.0766145,0,0.0766145,0,0,0
0,47237455,0.0766145,0,0.0766145,0,0,0
0,47237577,0.0766145,0,0.0766145,0,0,0
0,47237617,0.153229,0,0.153229,0,0,0
0,47237639,0.0766145,0,0.0766145,0,0,0
0,47237658,0.0766145,0,0.0766145,0,0,0
0,47237679,0.0766145,0,0.0766145,0,0,0
0,47237739,0.0766145,0,0.0766145,0,0,0
0,47237760,0.0766145,0,0.0766145,0,0,0
0,47237780,0.0766145,0,0.0766145,0,0,0
0,47237800,0.0766145,0,0.0766145,0,0,0
0,47237822,0.0766145,0,0.0766145,0,0,0
0,47237841,0.0766145,0,0.0766145,0,0,0
0,47237861,0.0766145,0,0.0766145,0,0,0
0,47237923,0.0766145,0,0.0766145,0,0,0
0,47237967,0.0766145,0,0.0766145,0,0,0
0,47237984,0,0,0,0,0,0
0,47238004,0,0,0,0,0,0
0,47238024,0,0,0,0,0,0
0,47238045,0.0766145,0,0.0766145,0,0,0
0,47238189,0.0766145,0,0.0766145,0,0,0
0,47238233,0,0,0,0,0,0
0,47238290,0,0,0,0,0,0
0,47238332,0.0766145,0,0.0766145,0,0,0
0,47238392,0.0766145,0,0.0766145,0,0,0
0,47238413,0.0766145,0,0.0766145,0,0,0
0,47238536,0.0766145,0,0.0766145,0,0,0
0,47238555,0.0766145,0,0.0766145,0,0,0
0,47238576,0.0766145,0,0.0766145,0,0,0
0,47238594,0.0766145,0,0.0766145,0,0,0
0,47238700,0.0766145,0,0.0766145,0,0,0
0,47238718,0.153229,0,0.153229,0,0,0
0,47238739,0.153229,0,0.153229,0,0,0
0,47238759,0.153229,0,0.153229,0,0,0
0,47238841,0.0766145,0,0.0766145,0,0,0
0,47238882,0.153229,0,0.153229,0,0,0
0,47238923,0.153229,0,0.153229,0,0,0
0,47238965,0.0766145,0,0.0766145,0,0,0
0,47238984,0.0766145,0,0.0766145,0,0,0
0,47239004,0.0766145,0,0.0766145,0,0,0
0,47239024,0.0766145,0,0.0766145,0,0,0
0,47239095,0.0766145,0,0.0766145,0,0,0
0,47239109,0,0,0,0,0,0
0,47239145,0,0,0,0,0,0
0,47239198,0.0766145,0,0.0766145,0,0,0
0,47239206,0.0766145,0,0.0766145,0,0,0
0,47239237,0,0,0,0,0,0
0,47239249,0,0,0,0,0,0
0,47239269,0,0,0,0,0,0
0,47239310,0,0,0,0,0,0
0,47239330,0,0,0,0,0,0
0,47239372,0,0,0,0,0,0
0,47239392,0,0,0,0,0,0
0,47239413,0.0766145,0,0.0766145,0,0,0
0,47239473,0.0766145,0,0.0766145,0,0,0
0,47239534,0.0766145,0,0.0766145,0,0,0
0,47239577,0.0766145,0,0.0766145,0,0,0
0,47239656,0.0766145,0,0.0766145,0,0,0
0,47239677,0,0,0,0,0,0
0,47239696,0,0,0,0,0,0
0,47239716,0.0766145,0,0.0766145,0,0,0
0,47239799,0.0766145,0,0.0766145,0,0,0
0,47239819,0.0766145,0,0.0766145,0,0,0
0,47239861,0.0766145,0,0.0766145,0,0,0
0,47239943,0.0766145,0,0.0766145,0,0,0
0,47240024,0,0,0,0,0,0
0,47240044,0,0,0,0,0,0
0,47240065,0.0766145,0,0.0766145,0,0,0
0,47240146,0.0766145,0,0.0766145,0,0,0
0,47240168,0,0,0,0,0,0
0,47240188,0,0,0,0,0,0
0,47240233,0.0766145,0,0.0766145,0,0,0
0,47240268,0.153229,0,0.153229,0,0,0
0,47240309,0.0766145,0,0.0766145,0,0,0
0,47240330,0,0,0,0,0,0
0,47240391,0.0766145,0,0.0766145,0,0,0
0,47240413,0.0766145,0,0.0766145,0,0,0
0,47240433,0,0,0,0,0,0
0,47240453,0,0,0,0,0,0
0,47240473,0,0,0,0,0,0
0,47240503,0,0,0,0,0,0
0,47240554,0.0766145,0,0.0766145,0,0,0
0,47240575,0.153229,0,0.153229,0,0,0
0,47240594,0.153229,0,0.153229,0,0,0
0,47240656,0.153229,0,0.153229,0,0,0
0,47240676,0.0766145,0,0.0766145,0,0,0
0,47240883,0.0766145,0,0.0766145,0,0,0
0,47240966,0.0766145,0,0.0766145,0,0,0
0,47241003,0,0,0,0,0,0
0,47241045,0.0766145,0,0.0766145,0,0,0
0,47241145,0.0766145,0,0.0766145,0,0,0
0,47241168,0.0766145,0,0.0766145,0,0,0
0,47241228,0,0,0,0,0,0
0,47241370,0,0,0,0,0,0
0,47241389,0.0766145,0,0.0766145,0,0,0
0,47241409,0,0,0,0,0,0
0,47241513,0.0766145,0,0.0766145,0,0,0
0,47241595,0,0,0,0,0,0
0,47241676,0,0,0,0,0,0
0,47241699,0.0766145,0,0.0766145,0,0,0
0,47241717,0.0766145,0,0.0766145,0,0,0
0,47241798,0,0,0,0,0,0
0,47241921,0.0766145,0,0.0766145,0,0,0
0,47241941,0.0766145,0,0.0766145,0,0,0
0,47241960,0.0766145,0,0.0766145,0,0,0
0,47242000,0,0,0,0,0,0
0,47242001,0.0766145,0,0.0766145,0,0,0
0,47242044,0.0766145,0,0.0766145,0,0,0
0,47242064,0.0766145,0,0.0766145,0,0,0
0,47242084,0.0766145,0,0.0766145,0,0,0
0,47242105,0.0766145,0,0.0766145,0,0,0
0,47242208,0,0,0,0,0,0
0,47242248,0.0766145,0,0.0766145,0,0,0
0,47242268,0.0766145,0,0.0766145,0,0,0
0,47242289,0.0766145,0,0.0766145,0,0,0
0,47242330,0.0766145,0,0.0766145,0,0,0
0,47242433,0.153229,0,0.153229,0,0,0
0,47242459,0.153229,0,0.153229,0,0,0
0,47242473,0.0766145,0,0.0766145,0,0,0
0,47242495,0.0766145,0,0.0766145,0,0,0
0,47242531,0.0766145,0,0.0766145,0,0,0
0,47242615,0.0766145,0,0.0766145,0,0,0
0,47242716,0.0766145,0,0.0766145,0,0,0
0,47242839,0.0766145,0,0.0766145,0,0,0
0,47242859,0.0766145,0,0.0766145,0,0,0
0,47242983,0,0,0,0,0,0
0,47243001,0,0,0,0,0,0
0,47243083,0,0,0,0,0,0
0,47243144,0.0766145,0,0.0766145,0,0,0
0,47243186,0.153229,0,0.153229,0,0,0
0,47243248,0.0766145,0,0.0766145,0,0,0
0,47243288,0.0766145,0,0.0766145,0,0,0
0,47243349,0.0766145,0,0.0766145,0,0,0
0,47243370,0.0766145,0,0.0766145,0,0,0
0,47243389,0.0766145,0,0.0766145,0,0,0
0,47243411,0.0766145,0,0.0766145,0,0,0
0,47243491,0.0766145,0,0.0766145,0,0,0
0,47243511,0.0766145,0,0.0766145,0,0,0
0,47243595,0.0766145,0,0.0766145,0,0,0
0,47243613,0.0766145,0,0.0766145,0,0,0
0,47243634,0.0766145,0,0.0766145,0,0,0
0,47243654,0.0766145,0,0.0766145,0,0,0
0,47243675,0,0,0,0,0,0
0,47243698,0.0766145,0,0.0766145,0,0,0
0,47243758,0.0766145,0,0.0766145,0,0,0
0,47243798,0.0766145,0,0.0766145,0,0,0
0,47243839,0.0766145,0,0.0766145,0,0,0
0,47243879,0.0766145,0,0.0766145,0,0,0
0,47243920,0.0766145,0,0.0766145,0,0,0
0,47243940,0.0766145,0,0.0766145,0,0,0
0,47244003,0.153229,0,0.153229,0,0,0
0,47244043,0.153229,0,0.153229,0,0,0
0,47244084,0.0766145,0,0.0766145,0,0,0
0,47244104,0,0,0,0,0,0
0,47244204,0.0766145,0,0.0766145,0,0,0
0,47244225,0.0766145,0,0.0766145,0,0,0
0,47244319,0.0766145,0,0.0766145,0,0,0
0,47244328,0.0766145,0,0.0766145,0,0,0
0,47244452,0.0766145,0,0.0766145,0,0,0
0,47244533,0.0766145,0,0.0766145,0,0,0
0,47244614,0,0,0,0,0,0
0,47244634,0,0,0,0,0,0
0,47244699,0.0766145,0,0.0766145,0,0,0
0,47244797,0.0766145,0,0.0766145,0,0,0
0,47244837,0,0,0,0,0,0
0,47244880,0,0,0,0,0,0
0,47244944,0.0766145,0,0.0766145,0,0,0
0,47244960,0.0766145,0,0.0766145,0,0,0
0,47244980,0.0766145,0,0.0766145,0,0,0
0,47245021,0.0766145,0,0.0766145,0,0,0
0,47245145,0.0766145,0,0.0766145,0,0,0
0,47245205,0.0766145,0,0.0766145,0,0,0
0,47245249,0.0766145,0,0.0766145,0,0,0
0,47245285,0.0766145,0,0.0766145,0,0,0
0,47245349,0.0766145,0,0.0766145,0,0,0
0,47245369,0,0,0,0,0,0
0,47245389,0,0,0,0,0,0
0,47245411,0,0,0,0,0,0
0,47245451,0.0766145,0,0.0766145,0,0,0
0,47245471,0.0766145,0,0.0766145,0,0,0
0,47245534,0.0766145,0,0.0766145,0,0,0
0,47245553,0.0766145,0,0.0766145,0,0,0
0,47245594,0.153229,0,0.153229,0,0,0
0,47245676,0.0766145,0,0.0766145,0,0,0
0,47245695,0.0766145,0,0.0766145,0,0,0
0,47245715,0.0766145,0,0.0766145,0,0,0
0,47245756,0.0766145,0,0.0766145,0,0,0
0,47245796,0,0,0,0,0,0
0,47245838,-0.0766145,0,-0.0766145,0,0,0
0,47245839,0,0,0,0,0,0
0,47245899,0.0766145,0,0.0766145,0,0,0
0,47245919,0.0766145,0,0.0766145,0,0,0
0,47245980,0.0766145,0,0.0766145,0,0,0
0,47246021,0.0766145,0,0.0766145,0,0,0
0,47246083,0.0766145,0,0.0766145,0,0,0
0,47246103,0.0766145,0,0.0766145,0,0,0
0,47246144,0.0766145,0,0.0766145,0,0,0
0,47246286,0.0766145,0,0.0766145,0,0,0
0,47246386,0.0766145,0,0.0766145,0,0,0
0,47246408,0.0766145,0,0.0766145,0,0,0
0,47246470,0.0766145,0,0.0766145,0,0,0
0,47246551,0.0766145,0,0.0766145,0,0,0
0,47246593,0.0766145,0,0.0766145,0,0,0
0,47246613,0.0766145,0,0.0766145,0,0,0
0,47246654,0,0,0,0,0,0
0,47246715,-0.0766145,0,-0.0766145,0,0,0
0,47246735,0,0,0,0,0,0
0,47246776,0,0,0,0,0,0
0,47246796,-0.0766145,0,-0.0766145,0,0,0
0,47246837,0,0,0,0,0,0
0,47246858,0.0766145,0,0.0766145,0,0,0
0,47246907,0.0766145,0,0.0766145,0,0,0
0,47246919,0.0766145,0,0.0766145,0,0,0
0,47247021,0.0766145,0,0.0766145,0,0,0
0,47247041,0.0766145,0,0.0766145,0,0,0
0,47247118,0.0766145,0,0.0766145,0,0,0
0,47247227,0.0766145,0,0.0766145,0,0,0
0,47247349,0.0766145,0,0.0766145,0,0,0
0,47247389,0.0766145,0,0.0766145,0,0,0
0,47247432,0.0766145,0,0.0766145,0,0,0
0,47247474,0.153229,0,0.153229,0,0,0
0,47247529,0.0766145,0,0.0766145,0,0,0
0,47247570,0.0766145,0,0.0766145,0,0,0
0,47247716,0.0766145,0,0.0766145,0,0,0
0,47247776,0.153229,0,0.153229,0,0,0
0,47247816,0.0766145,0,0.0766145,0,0,0
0,47247836,0.0766145,0,0.0766145,0,0,0
0,47247856,0,0,0,0,0,0
0,47247877,0.0766145,0,0.0766145,0,0,0
0,47247918,0,0,0,0,0,0
0,47247959,0,0,0,0,0,0
0,47247979,0,0,0,0,0,0
0,47248063,0.0766145,0,0.0766145,0,0,0
0,47248100,0.0766145,0,0.0766145,0,0,0
0,47248121,0,0,0,0,0,0
0,47248141,0,0,0,0,0,0
0,47248163,0.0766145,0,0.0766145,0,0,0
0,47248249,0,0,0,0,0,0
0,47248307,0,0,0,0,0,0
0,47248326,0,0,0,0,0,0
0,47248346,0,0,0,0,0,0
0,47248369,0,0,0,0,0,0
0,47248449,0,0,0,0,0,0
0,47248469,0,0,0,0,0,0
0,47248490,0.0766145,0,0.0766145,0,0,0
0,47248510,0.0766145,0,0.0766145,0,0,0
0,47248553,0,0,0,0,0,0
0,47248634,0,0,0,0,0,0
0,47248672,0,0,0,0,0,0
0,47248734,0.0766145,0,0.0766145,0,0,0
0,47248775,0.153229,0,0.153229,0,0,0
0,47248795,0.153229,0,0.153229,0,0,0
0,47248836,0.0766145,0,0.0766145,0,0,0
0,47248876,0.0766145,0,0.0766145,0,0,0
0,47248959,0.0766145,0,0.0766145,0,0,0
0,47249020,0.0766145,0,0.0766145,0,0,0
0,47249081,0.153229,0,0.153229,0,0,0
0,47249103,0.153229,0,0.153229,0,0,0
0,47249121,0.0766145,0,0.0766145,0,0,0
0,47249143,0.0766145,0,0.0766145,0,0,0
0,47249201,0.0766145,0,0.0766145,0,0,0
0,47249246,0.0766145,0,0.0766145,0,0,0
0,47249285,0.0766145,0,0.0766145,0,0,0
0,47249346,0.0766145,0,0.0766145,0,0,0
0,47249366,0.0766145,0,0.0766145,0,0,0
0,47249388,0.0766145,0,0.0766145,0,0,0
0,47249436,0.0766145,0,0.0766145,0,0,0
0,47249490,0.0766145,0,0.0766145,0,0,0
0,47249571,0.0766145,0,0.0766145,0,0,0
0,47249591,0,0,0,0,0,0
0,47249610,0,0,0,0,0,0
0,47249631,0.0766145,0,0.0766145,0,0,0
0,47249678,0,0,0,0,0,0
0,47249691,0,0,0,0,0,0
0,47249711,0.0766145,0,0.0766145,0,0,0
0,47249733,0.0766145,0,0.0766145,0,0,0
0,47249754,0.0766145,0,0.0766145,0,0,0
0,47249776,0.0766145,0,0.0766145,0,0,0
0,47249876,0.0766145,0,0.0766145,0,0,0
0,47249958,0.0766145,0,0.0766145,0,0,0
0,47249979,0.0766145,0,0.0766145,0,0,0
0,47250040,0,0,0,0,0,0
0,47250060,0,0,0,0,0,0
0,47250080,0,0,0,0,0,0
0,47250123,0,0,0,0,0,0
0,47250163,0,0,0,0,0,0
0,47250186,0,0,0,0,0,0
0,47250245,0,0,0,0,0,0
0,47250305,0.0766145,0,0.0766145,0,0,0
0,47250345,0,0,0,0,0,0
0,47250366,0,0,0,0,0,0
0,47250468,0,0,0,0,0,0
0,47250488,0.0766145,0,0.0766145,0,0,0
0,47250509,0.0766145,0,0.0766145,0,0,0
0,47250573,0.0766145,0,0.0766145,0,0,0
0,47250591,0.0766145,0,0.0766145,0,0,0
0,47250633,0.0766145,0,0.0766145,0,0,0
0,47250651,0.0766145,0,0.0766145,0,0,0
0,47250693,0.0766145,0,0.0766145,0,0,0
0,47250716,0.0766145,0,0.0766145,0,0,0
0,47250754,0.0766145,0,0.0766145,0,0,0
0,47250793,0.0766145,0,0.0766145,0,0,0
0,47250834,0,0,0,0,0,0
0,47250896,0,0,0,0,0,0
0,47250916,0,0,0,0,0,0
0,47250979,-0.0766145,0,-0.0766145,0,0,0
0,47250999,0,0,0,0,0,0
0,47251039,0,0,0,0,0,0
0,47251061,0,0,0,0,0,0
0,47251100,0,0,0,0,0,0
0,47251121,0.0766145,0,0.0766145,0,0,0
0,47251143,0.0766145,0,0.0766145,0,0,0
0,47251163,0.0766145,0,0.0766145,0,0,0
0,47251244,0.0766145,0,0.0766145,0,0,0
0,47251285,0.0766145,0,0.0766145,0,0,0
0,47251308,0.0766145,0,0.0766145,0,0,0
0,47251323,0.0766145,0,0.0766145,0,0,0
0,47251344,0.0766145,0,0.0766145,0,0,0
0,47251407,0.0766145,0,0.0766145,0,0,0
0,47251468,0,0,0,0,0,0
0,47251488,0,0,0,0,0,0
0,47251524,0,0,0,0,0,0
0,47251549,0,0,0,0,0,0
0,47251570,0.0766145,0,0.0766145,0,0,0
0,47251590,0.0766145,0,0.0766145,0,0,0
0,47251735,0.0766145,0,0.0766145,0,0,0
0,47251774,0.0766145,0,0.0766145,0,0,0
0,47251857,0.0766145,0,0.0766145,0,0,0
0,47251876,0.153229,0,0.153229,0,0,0
0,47251917,0.0766145,0,0.0766145,0,0,0
0,47251938,0,0,0,0,0,0
0,47252000,0,0,0,0,0,0
0,47252030,0,0,0,0,0,0
0,47252059,0.0766145,0,0.0766145,0,0,0
0,47252080,0.0766145,0,0.0766145,0,0,0
0,47252100,0,0,0,0,0,0
0,47252120,0,0,0,0,0,0
0,47252161,0,0,0,0,0,0
0,47252181,0,0,0,0,0,0
0,47252245,0,0,0,0,0,0
0,47252265,0,0,0,0,0,0
0,47252284,0,0,0,0,0,0
0,47252325,0,0,0,0,0,0
0,47252346,0,0,0,0,0,0
0,47252385,0,0,0,0,0,0
0,47252405,0.0766145,0,0.0766145,0,0,0
0,47252446,0.0766145,0,0.0766145,0,0,0
0,47252468,0.0766145,0,0.0766145,0,0,0
0,47252488,0.0766145,0,0.0766145,0,0,0
0,47252528,0.0766145,0,0.0766145,0,0,0
0,47252569,0.0766145,0,0.0766145,0,0,0
0,47252590,0,0,0,0,0,0
0,47252610,0,0,0,0,0,0
0,47252630,0,0,0,0,0,0
0,47252650,0,0,0,0,0,0
0,47252671,0.0766145,0,0.0766145,0,0,0
0,47252713,0.0766145,0,0.0766145,0,0,0
0,47252734,0.0766145,0,0.0766145,0,0,0
0,47252794,0.0766145,0,0.0766145,0,0,0
0,47252838,0.0766145,0,0.0766145,0,0,0
0,47252894,0,0,0,0,0,0
0,47252915,0,0,0,0,0,0
0,47252935,0,0,0,0,0,0
0,47252999,0.0766145,0,0.0766145,0,0,0
0,47253018,0.153229,0,0.153229,0,0,0
0,47253038,0.0766145,0,0.0766145,0,0,0
0,47253160,0.0766145,0,0.0766145,0,0,0
0,47253182,0.0766145,0,0.0766145,0,0,0
0,47253243,0.0766145,0,0.0766145,0,0,0
0,47253295,0,0,0,0,0,0
0,47253303,0,0,0,0,0,0
0,47253365,0.0766145,0,0.0766145,0,0,0
0,47253453,0.0766145,0,0.0766145,0,0,0
0,47253465,0.0766145,0,0.0766145,0,0,0
0,47253518,0,0,0,0,0,0
0,47253528,-0.0766145,0,-0.0766145,0,0,0
0,47253546,-0.0766145,0,-0.0766145,0,0,0
0,47253566,0,0,0,0,0,0
0,47253693,0.0766145,0,0.0766145,0,0,0
0,47253751,0,0,0,0,0,0
0,47253775,0,0,0,0,0,0
0,47253834,0,0,0,0,0,0
0,47253854,0,0,0,0,0,0
0,47253879,0,0,0,0,0,0
0,47253915,0,0,0,0,0,0
0,47253936,0,0,0,0,0,0
0,47253955,0,0,0,0,0,0
0,47253975,0,0,0,0,0,0
0,47253996,0,0,0,0,0,0
0,47254016,0.0766145,0,0.0766145,0,0,0
0,47254057,0.0766145,0,0.0766145,0,0,0
0,47254099,0.0766145,0,0.0766145,0,0,0
0,47254123,0.0766145,0,0.0766145,0,0,0
0,47254183,0.0766145,0,0.0766145,0,0,0
0,47254325,0.0766145,0,0.0766145,0,0,0
0,47254366,0.0766145,0,0.0766145,0,0,0
0,47254384,0.0766145,0,0.0766145,0,0,0
0,47254490,0.0766145,0,0.0766145,0,0,0
0,47254508,0,0,0,0,0,0
0,47254529,0,0,0,0,0,0
0,47254546,0,0,0,0,0,0
0,47254566,0,0,0,0,0,0
0,47254608,0.0766145,0,0.0766145,0,0,0
0,47254628,0.0766145,0,0.0766145,0,0,0
0,47254649,0.0766145,0,0.0766145,0,0,0
0,47254714,0.0766145,0,0.0766145,0,0,0
0,47254773,0.0766145,0,0.0766145,0,0,0
0,47254814,0.0766145,0,0.0766145,0,0,0
0,47254854,0,0,0,0,0,0
0,47254875,0.0766145,0,0.0766145,0,0,0
0,47254895,0.0766145,0,0.0766145,0,0,0
0,47254935,0.0766145,0,0.0766145,0,0,0
0,47254956,0.0766145,0,0.0766145,0,0,0
0,47254976,0.0766145,0,0.0766145,0,0,0
0,47255139,0,0,0,0,0,0
0,47255181,0.0766145,0,0.0766145,0,0,0
0,47255221,0.0766145,0,0.0766145,0,0,0
0,47255241,0.0766145,0,0.0766145,0,0,0
0,47255305,0.0766145,0,0.0766145,0,0,0
0,47255364,0.0766145,0,0.0766145,0,0,0
0,47255384,0.0766145,0,0.0766145,0,0,0
0,47255405,0,0,0,0,0,0
0,47255507,0.0766145,0,0.0766145,0,0,0
0,47255529,0.0766145,0,0.0766145,0,0,0
0,47255550,0.0766145,0,0.0766145,0,0,0
0,47255616,0,0,0,0,0,0
0,47255653,0.0766145,0,0.0766145,0,0,0
0,47255668,0,0,0,0,0,0
0,47255709,0.0766145,0,0.0766145,0,0,0
0,47255833,0,0,0,0,0,0
0,47255873,0,0,0,0,0,0
0,47255896,0.0766145,0,0.0766145,0,0,0
0,47255914,0.0766145,0,0.0766145,0,0,0
0,47255934,0.153229,0,0.153229,0,0,0
0,47255975,0.153229,0,0.153229,0,0,0
0,47255998,0.0766145,0,0.0766145,0,0,0
0,47256016,0,0,0,0,0,0
0,47256078,0,0,0,0,0,0
0,47256098,0,0,0,0,0,0
0,47256119,0,0,0,0,0,0
0,47256183,0,0,0,0,0,0
0,47256197,0,0,0,0,0,0
0,47256240,0,0,0,0,0,0
0,47256281,0,0,0,0,0,0
0,47256343,0.0766145,0,0.0766145,0,0,0
0,47256383,0.0766145,0,0.0766145,0,0,0
0,47256404,0.0766145,0,0.0766145,0,0,0
0,47256424,0,0,0,0,0,0
0,47256485,0,0,0,0,0,0
0,47256525,0,0,0,0,0,0
0,47256566,0.0766145,0,0.0766145,0,0,0
0,47256628,0.0766145,0,0.0766145,0,0,0
0,47256689,0.153229,0,0.153229,0,0,0
0,47256732,0.0766145,0,0.0766145,0,0,0
0,47256749,0,0,0,0,0,0
0,47256770,0,0,0,0,0,0
0,47256790,0,0,0,0,0,0
0,47256810,0,0,0,0,0,0
0,47256832,0.0766145,0,0.0766145,0,0,0
0,47256853,0.0766145,0,0.0766145,0,0,0
0,47256996,0,0,0,0,0,0
0,47257036,0,0,0,0,0,0
0,47257076,0,0,0,0,0,0
0,47257118,0,0,0,0,0,0
0,47257148,0,0,0,0,0,0
0,47257158,0.0766145,0,0.0766145,0,0,0
0,47257179,0.0766145,0,0.0766145,0,0,0
0,47257200,0.153229,0,0.153229,0,0,0
0,47257240,0.0766145,0,0.0766145,0,0,0
0,47257282,0.0766145,0,0.0766145,0,0,0
0,47257358,0.0766145,0,0.0766145,0,0,0
0,47257403,0.153229,0,0.153229,0,0,0
0,47257444,0.153229,0,0.153229,0,0,0
0,47257467,0.153229,0,0.153229,0,0,0
0,47257484,0.0766145,0,0.0766145,0,0,0
0,47257505,0,0,0,0,0,0
0,47257546,0,0,0,0,0,0
0,47257566,0,0,0,0,0,0
0,47257608,0.0766145,0,0.0766145,0,0,0
0,47257626,0.0766145,0,0.0766145,0,0,0
0,47257668,0.153229,0,0.153229,0,0,0
0,47257709,0.0766145,0,0.0766145,0,0,0
0,47257811,0.0766145,0,0.0766145,0,0,0
0,47257831,0.0766145,0,0.0766145,0,0,0
0,47257852,0,0,0,0,0,0
0,47257873,0,0,0,0,0,0
0,47257893,0.0766145,0,0.0766145,0,0,0
0,47257931,0,0,0,0,0,0
0,47257973,0,0,0,0,0,0
0,47257994,0.0766145,0,0.0766145,0,0,0
0,47258097,0.0766145,0,0.0766145,0,0,0
0,47258117,0.0766145,0,0.0766145,0,0,0
0,47258219,0.0766145,0,0.0766145,0,0,0
0,47258260,0.0766145,0,0.0766145,0,0,0
0,47258343,0.0766145,0,0.0766145,0,0,0
0,47258383,0.0766145,0,0.0766145,0,0,0
0,47258452,0.0766145,0,0.0766145,0,0,0
0,47258463,0.153229,0,0.153229,0,0,0
0,47258524,0.153229,0,0.153229,0,0,0
0,47258545,0.0766145,0,0.0766145,0,0,0
0,47258586,0,0,0,0,0,0
0,47258610,0,0,0,0,0,0
0,47258688,0.0766145,0,0.0766145,0,0,0
0,47258709,0.0766145,0,0.0766145,0,0,0
0,47258750,0.0766145,0,0.0766145,0,0,0
0,47258790,0.0766145,0,0.0766145,0,0,0
0,47258830,0,0,0,0,0,0
0,47258871,0.0766145,0,0.0766145,0,0,0
0,47258913,0.0766145,0,0.0766145,0,0,0
0,47258933,0.0766145,0,0.0766145,0,0,0
0,47259095,0.0766145,0,0.0766145,0,0,0
0,47259156,0,0,0,0,0,0
0,47259178,0.0766145,0,0.0766145,0,0,0
0,47259219,0.0766145,0,0.0766145,0,0,0
0,47259259,0.0766145,0,0.0766145,0,0,0
0,47259300,0,0,0,0,0,0
0,47259341,0.0766145,0,0.0766145,0,0,0
0,47259383,0.0766145,0,0.0766145,0,0,0
0,47259484,0.0766145,0,0.0766145,0,0,0
0,47259504,0,0,0,0,0,0
0,47259524,0.0766145,0,0.0766145,0,0,0
0,47259549,0.153229,0,0.153229,0,0,0
0,47259604,0.153229,0,0.153229,0,0,0
0,47259624,0.153229,0,0.153229,0,0,0
0,47259645,0.153229,0,0.153229,0,0,0
0,47259680,0.153229,0,0.153229,0,0,0
0,47259710,0.153229,0,0.153229,0,0,0
0,47259769,0.0766145,0,0.0766145,0,0,0
0,47259789,0.0766145,0,0.0766145,0,0,0
0,47259810,0.0766145,0,0.0766145,0,0,0
0,47259853,0.0766145,0,0.0766145,0,0,0
0,47259954,0.0766145,0,0.0766145,0,0,0
0,47259994,0.153229,0,0.153229,0,0,0
0,47260034,0.0766145,0,0.0766145,0,0,0
0,47260098,0.0766145,0,0.0766145,0,0,0
0,47260137,0.0766145,0,0.0766145,0,0,0
0,47260196,0.0766145,0,0.0766145,0,0,0
0,47260218,0.0766145,0,0.0766145,0,0,0
0,47260279,0.0766145,0,0.0766145,0,0,0
0,47260319,0.0766145,0,0.0766145,0,0,0
0,47260340,0.0766145,0,0.0766145,0,0,0
0,47260381,0.0766145,0,0.0766145,0,0,0
0,47260401,0,0,0,0,0,0
0,47260421,0,0,0,0,0,0
0,47260443,0,0,0,0,0,0
0,47260464,0.0766145,0,0.0766145,0,0,0
0,47260484,0.153229,0,0.153229,0,0,0
0,47260544,0.0766145,0,0.0766145,0,0,0
0,47260585,0.0766145,0,0.0766145,0,0,0
0,47260626,0.0766145,0,0.0766145,0,0,0
0,47260646,0,0,0,0,0,0
0,47260687,0,0,0,0,0,0
0,47260706,0.0766145,0,0.0766145,0,0,0
0,47260726,0.0766145,0,0.0766145,0,0,0
0,47260769,0.0766145,0,0.0766145,0,0,0
0,47260789,0.0766145,0,0.0766145,0,0,0
0,47260910,0.0766145,0,0.0766145,0,0,0
0,47261096,0.0766145,0,0.0766145,0,0,0
0,47261115,0.0766145,0,0.0766145,0,0,0
0,47261156,0.0766145,0,0.0766145,0,0,0
0,47261219,0.153229,0,0.153229,0,0,0
0,47261298,0.153229,0,0.153229,0,0,0
0,47261361,0.0766145,0,0.0766145,0,0,0
0,47261564,0.0766145,0,0.0766145,0,0,0
0,47261585,0.0766145,0,0.0766145,0,0,0
0,47261645,0.0766145,0,0.0766145,0,0,0
0,47261665,0.0766145,0,0.0766145,0,0,0
0,47261706,0.0766145,0,0.0766145,0,0,0
0,47261789,0.0766145,0,0.0766145,0,0,0
0,47261808,0,0,0,0,0,0
0,47261828,0,0,0,0,0,0
0,47261868,0.0766145,0,0.0766145,0,0,0
0,47261910,0.0766145,0,0.0766145,0,0,0
0,47261950,0.0766145,0,0.0766145,0,0,0
0,47261992,0.153229,0,0.153229,0,0,0
0,47262033,0.0766145,0,0.0766145,0,0,0
0,47262115,0.0766145,0,0.0766145,0,0,0
0,47262135,0,0,0,0,0,0
0,47262155,0,0,0,0,0,0
0,47262218,0,0,0,0,0,0
0,47262279,0,0,0,0,0,0
0,47262298,0.0766145,0,0.0766145,0,0,0
0,47262339,0.0766145,0,0.0766145,0,0,0
0,47262378,0,0,0,0,0,0
0,47262399,0,0,0,0,0,0
0,47262419,0.0766145,0,0.0766145,0,0,0
0,47262478,0.0766145,0,0.0766145,0,0,0
0,47262503,0,0,0,0,0,0
0,47262583,0.0766145,0,0.0766145,0,0,0
0,47262607,0.0766145,0,0.0766145,0,0,0
0,47262624,0,0,0,0,0,0
0,47262645,-0.0766145,0,-0.0766145,0,0,0
0,47262685,0,0,0,0,0,0
0,47262705,0.0766145,0,0.0766145,0,0,0
0,47262748,0.153229,0,0.153229,0,0,0
0,47262788,0.153229,0,0.153229,0,0,0
0,47262808,0.0766145,0,0.0766145,0,0,0
0,47262849,0.0766145,0,0.0766145,0,0,0
0,47262870,0.0766145,0,0.0766145,0,0,0
0,47262890,0.0766145,0,0.0766145,0,0,0
0,47262991,0,0,0,0,0,0
0,47263013,-0.0766145,0,-0.0766145,0,0,0
0,47263031,-0.0766145,0,-0.0766145,0,0,0
0,47263094,0,0,0,0,0,0
0,47263155,0,0,0,0,0,0
0,47263216,0,0,0,0,0,0
0,47263236,0.0766145,0,0.0766145,0,0,0
0,47263258,0.0766145,0,0.0766145,0,0,0
0,47263360,0.0766145,0,0.0766145,0,0,0
0,47263441,0.0766145,0,0.0766145,0,0,0
0,47263481,0,0,0,0,0,0
0,47263586,0,0,0,0,0,0
0,47263604,0,0,0,0,0,0
0,47263644,0.0766145,0,0.0766145,0,0,0
0,47263665,0.0766145,0,0.0766145,0,0,0
0,47263706,0.0766145,0,0.0766145,0,0,0
0,47263758,0,0,0,0,0,0
0,47263788,0,0,0,0,0,0
0,47263809,0.0766145,0,0.0766145,0,0,0
0,47263829,0.0766145,0,0.0766145,0,0,0
0,47263849,0.0766145,0,0.0766145,0,0,0
0,47263869,0,0,0,0,0,0
0,47263889,0,0,0,0,0,0
0,47263950,0.0766145,0,0.0766145,0,0,0
0,47263990,0.0766145,0,0.0766145,0,0,0
0,47264031,0.0766145,0,0.0766145,0,0,0
0,47264071,0.0766145,0,0.0766145,0,0,0
0,47264093,0.153229,0,0.153229,0,0,0
0,47264134,0.0766145,0,0.0766145,0,0,0
0,47264195,0.0766145,0,0.0766145,0,0,0
0,47264218,0,0,0,0,0,0
0,47264256,0.0766145,0,0.0766145,0,0,0
0,47264276,0.0766145,0,0.0766145,0,0,0
0,47264380,0.0766145,0,0.0766145,0,0,0
0,47264420,0.0766145,0,0.0766145,0,0,0
0,47264460,0,0,0,0,0,0
0,47264543,0.0766145,0,0.0766145,0,0,0
0,47264603,0.0766145,0,0.0766145,0,0,0
0,47264623,0.0766145,0,0.0766145,0,0,0
0,47264644,0.0766145,0,0.0766145,0,0,0
0,47264664,0.0766145,0,0.0766145,0,0,0
0,47264748,0.0766145,0,0.0766145,0,0,0
0,47264766,0.0766145,0,0.0766145,0,0,0
0,47264828,0.0766145,0,0.0766145,0,0,0
0,47264889,0.0766145,0,0.0766145,0,0,0
0,47264910,0,0,0,0,0,0
0,47264970,0,0,0,0,0,0
0,47265038,0.0766145,0,0.0766145,0,0,0
0,47265093,0,0,0,0,0,0
0,47265134,0.0766145,0,0.0766145,0,0,0
0,47265173,0.153229,0,0.153229,0,0,0
0,47265193,0.153229,0,0.153229,0,0,0
0,47265234,0.0766145,0,0.0766145,0,0,0
0,47265256,0.0766145,0,0.0766145,0,0,0
0,47265296,0.0766145,0,0.0766145,0,0,0
0,47265319,0.0766145,0,0.0766145,0,0,0
0,47265379,0.0766145,0,0.0766145,0,0,0
0,47265397,0.0766145,0,0.0766145,0,0,0
0,47265420,0.153229,0,0.153229,0,0,0
0,47265460,0.0766145,0,0.0766145,0,0,0
0,47265481,0,0,0,0,0,0
0,47265520,0,0,0,0,0,0
0,47265541,0.0766145,0,0.0766145,0,0,0
0,47265563,0.153229,0,0.153229,0,0,0
0,47265581,0.0766145,0,0.0766145,0,0,0
0,47265601,0,0,0,0,0,0
0,47265623,0,0,0,0,0,0
0,47265643,0,0,0,0,0,0
0,47265703,0.0766145,0,0.0766145,0,0,0
0,47265869,0,0,0,0,0,0
0,47265909,0.0766145,0,0.0766145,0,0,0
0,47265929,0,0,0,0,0,0
0,47265949,0,0,0,0,0,0
0,47265990,0.0766145,0,0.0766145,0,0,0
0,47266113,0,0,0,0,0,0
0,47266134,0,0,0,0,0,0
0,47266174,0,0,0,0,0,0
0,47266254,0,0,0,0,0,0
0,47266338,0,0,0,0,0,0
0,47266379,0.0766145,0,0.0766145,0,0,0
0,47266480,0.0766145,0,0.0766145,0,0,0
0,47266500,0,0,0,0,0,0
0,47266541,0,0,0,0,0,0
0,47266561,0.0766145,0,0.0766145,0,0,0
0,47266825,0.0766145,0,0.0766145,0,0,0
0,47266950,0,0,0,0,0,0
0,47267051,0,0,0,0,0,0
0,47267113,0.0766145,0,0.0766145,0,0,0
0,47267153,0.0766145,0,0.0766145,0,0,0
0,47267173,0.0766145,0,0.0766145,0,0,0
0,47267214,0.0766145,0,0.0766145,0,0,0
0,47267234,0,0,0,0,0,0
0,47267253,0,0,0,0,0,0
0,47267294,0,0,0,0,0,0
0,47267314,0,0,0,0,0,0
0,47267335,0.0766145,0,0.0766145,0,0,0
0,47267396,0.0766145,0,0.0766145,0,0,0
0,47267419,0.0766145,0,0.0766145,0,0,0
0,47267540,0.0766145,0,0.0766145,0,0,0
0,47267598,0.0766145,0,0.0766145,0,0,0
0,47267603,0.0766145,0,0.0766145,0,0,0
0,47267641,0.0766145,0,0.0766145,0,0,0
0,47267663,0.0766145,0,0.0766145,0,0,0
0,47267684,0.0766145,0,0.0766145,0,0,0
0,47267703,0.0766145,0,0.0766145,0,0,0
0,47267764,0.0766145,0,0.0766145,0,0,0
0,47267805,0.153229,0,0.153229,0,0,0
0,47267825,0.0766145,0,0.0766145,0,0,0
0,47267868,0.0766145,0,0.0766145,0,0,0
0,47267906,0.0766145,0,0.0766145,0,0,0
0,47267926,0.0766145,0,0.0766145,0,0,0
0,47268051,0.153229,0,0.153229,0,0,0
0,47268090,0.0766145,0,0.0766145,0,0,0
0,47268133,0.0766145,0,0.0766145,0,0,0
0,47268194,0,0,0,0,0,0
0,47268218,0,0,0,0,0,0
0,47268234,0.0766145,0,0.0766145,0,0,0
0,47268296,0.0766145,0,0.0766145,0,0,0
0,47268356,0,0,0,0,0,0
0,47268379,0,0,0,0,0,0
0,47268398,0.0766145,0,0.0766145,0,0,0
0,47268456,0.0766145,0,0.0766145,0,0,0
0,47268478,0.0766145,0,0.0766145,0,0,0
0,47268540,0,0,0,0,0,0
0,47268560,0,0,0,0,0,0
0,47268621,0,0,0,0,0,0
0,47268685,0,0,0,0,0,0
0,47268703,0,0,0,0,0,0
0,47268724,0,0,0,0,0,0
0,47268744,0,0,0,0,0,0
0,47268878,0,0,0,0,0,0
0,47268928,0,0,0,0,0,0
0,47268946,0,0,0,0,0,0
0,47268988,0.0766145,0,0.0766145,0,0,0
0,47269028,0.0766145,0,0.0766145,0,0,0
0,47269048,0.0766145,0,0.0766145,0,0,0
0,47269069,0,0,0,0,0,0
0,47269091,0,0,0,0,0,0
0,47269131,0,0,0,0,0,0
0,47269151,0,0,0,0,0,0
0,47269213,0.0766145,0,0.0766145,0,0,0
0,47269274,0.0766145,0,0.0766145,0,0,0
0,47269317,0.0766145,0,0.0766145,0,0,0
0,47269396,0.0766145,0,0.0766145,0,0,0
0,47269458,0.0766145,0,0.0766145,0,0,0
0,47269477,0.0766145,0,0.0766145,0,0,0
0,47269518,0,0,0,0,0,0
0,47269599,0,0,0,0,0,0
0,47269619,0,0,0,0,0,0
0,47269660,0.0766145,0,0.0766145,0,0,0
0,47269683,0.0766145,0,0.0766145,0,0,0
0,47269744,0.153229,0,0.153229,0,0,0
0,47269763,0.153229,0,0.153229,0,0,0
0,47269785,0.153229,0,0.153229,0,0,0
0,47269805,0.0766145,0,0.0766145,0,0,0
0,47269845,0.0766145,0,0.0766145,0,0,0
0,47269865,0.0766145,0,0.0766145,0,0,0
0,47269885,0.0766145,0,0.0766145,0,0,0
0,47269938,0,0,0,0,0,0
0,47269988,0.0766145,0,0.0766145,0,0,0
0,47270008,0.153229,0,0.153229,0,0,0
0,47270069,0.0766145,0,0.0766145,0,0,0
0,47270089,0,0,0,0,0,0
0,47270110,0.0766145,0,0.0766145,0,0,0
0,47270129,0.0766145,0,0.0766145,0,0,0
0,47270159,0.0766145,0,0.0766145,0,0,0
0,47270213,0,0,0,0,0,0
0,47270314,0,0,0,0,0,0
0,47270334,0,0,0,0,0,0
0,47270354,0,0,0,0,0,0
0,47270376,0,0,0,0,0,0
0,47270476,0.0766145,0,0.0766145,0,0,0
0,47270498,0.0766145,0,0.0766145,0,0,0
0,47270539,0.0766145,0,0.0766145,0,0,0
0,47270580,0.0766145,0,0.0766145,0,0,0
0,47270600,0.0766145,0,0.0766145,0,0,0
0,47270621,0.0766145,0,0.0766145,0,0,0
0,47270700,0.0766145,0,0.0766145,0,0,0
0,47270765,0.0766145,0,0.0766145,0,0,0
0,47270805,0,0,0,0,0,0
0,47270905,0.0766145,0,0.0766145,0,0,0
0,47271008,0.0766145,0,0.0766145,0,0,0
0,47271028,0.0766145,0,0.0766145,0,0,0
0,47271048,0.0766145,0,0.0766145,0,0,0
0,47271069,0.0766145,0,0.0766145,0,0,0
0,47271089,0.0766145,0,0.0766145,0,0,0
0,47271109,0,0,0,0,0,0
0,47271151,0,0,0,0,0,0
0,47271230,0,0,0,0,0,0
0,47271251,0.0766145,0,0.0766145,0,0,0
0,47271356,0.0766145,0,0.0766145,0,0,0
0,47271439,0.0766145,0,0.0766145,0,0,0
0,47271456,0.0766145,0,0.0766145,0,0,0
0,47271498,0,0,0,0,0,0
0,47271518,0,0,0,0,0,0
0,47271539,0.0766145,0,0.0766145,0,0,0
0,47271579,0.0766145,0,0.0766145,0,0,0
0,47271619,0.0766145,0,0.0766145,0,0,0
0,47271701,0.0766145,0,0.0766145,0,0,0
0,47271763,0.0766145,0,0.0766145,0,0,0
0,47271783,0,0,0,0,0,0
0,47271843,0,0,0,0,0,0
0,47271863,0.0766145,0,0.0766145,0,0,0
0,47271925,0,0,0,0,0,0
0,47271966,0,0,0,0,0,0
0,47272030,0,0,0,0,0,0
0,47272088,0.0766145,0,0.0766145,0,0,0
0,47272109,0.153229,0,0.153229,0,0,0
0,47272129,0.153229,0,0.153229,0,0,0
0,47272150,0.0766145,0,0.0766145,0,0,0
0,47272170,0,0,0,0,0,0
0,47272211,0,0,0,0,0,0
0,47272319,0,0,0,0,0,0
0,47272353,0,0,0,0,0,0
0,47272373,0.0766145,0,0.0766145,0,0,0
0,47272435,0.0766145,0,0.0766145,0,0,0
0,47272456,0,0,0,0,0,0
0,47272538,0.0766145,0,0.0766145,0,0,0
0,47272661,0,0,0,0,0,0
0,47272681,0,0,0,0,0,0
0,47272719,0.0766145,0,0.0766145,0,0,0
0,47272823,0,0,0,0,0,0
0,47272843,0,0,0,0,0,0
0,47272864,0.0766145,0,0.0766145,0,0,0
0,47272883,0.0766145,0,0.0766145,0,0,0
0,47272924,0.153229,0,0.153229,0,0,0
0,47272945,0.153229,0,0.153229,0,0,0
0,47272966,0.229843,0,0.229843,0,0,0
0,47272986,0.229843,0,0.229843,0,0,0
0,47273006,0.153229,0,0.153229,0,0,0
0,47273047,0.0766145,0,0.0766145,0,0,0
0,47273150,0.0766145,0,0.0766145,0,0,0
0,47273169,0,0,0,0,0,0
0,47273190,0,0,0,0,0,0
0,47273271,0.0766145,0,0.0766145,0,0,0
0,47273316,0.0766145,0,0.0766145,0,0,0
0,47273354,0.0766145,0,0.0766145,0,0,0
0,47273374,0,0,0,0,0,0
0,47273394,0,0,0,0,0,0
0,47273454,0.0766145,0,0.0766145,0,0,0
0,47273538,0.0766145,0,0.0766145,0,0,0
0,47273620,0.153229,0,0.153229,0,0,0
0,47273658,0.153229,0,0.153229,0,0,0
0,47273700,0.153229,0,0.153229,0,0,0
0,47273720,0.0766145,0,0.0766145,0,0,0
0,47273760,0.0766145,0,0.0766145,0,0,0
0,47273801,0.0766145,0,0.0766145,0,0,0
0,47273843,0,0,0,0,0,0
0,47273863,0,0,0,0,0,0
0,47273884,0,0,0,0,0,0
0,47273948,0,0,0,0,0,0
0,47273965,0,0,0,0,0,0
0,47273999,0,0,0,0,0,0
0,47274026,0,0,0,0,0,0
0,47274046,0.0766145,0,0.0766145,0,0,0
0,47274068,0.0766145,0,0.0766145,0,0,0
0,47274149,0.0766145,0,0.0766145,0,0,0
0,47274210,0.153229,0,0.153229,0,0,0
0,47274230,0.153229,0,0.153229,0,0,0
0,47274291,0.0766145,0,0.0766145,0,0,0
0,47274354,0.153229,0,0.153229,0,0,0
0,47274374,0.0766145,0,0.0766145,0,0,0
0,47274414,0.0766145,0,0.0766145,0,0,0
0,47274454,0.0766145,0,0.0766145,0,0,0
0,47274516,0.0766145,0,0.0766145,0,0,0
0,47274536,0.0766145,0,0.0766145,0,0,0
0,47274556,0,0,0,0,0,0
0,47274596,0,0,0,0,0,0
0,47274679,0,0,0,0,0,0
0,47274760,0.0766145,0,0.0766145,0,0,0
0,47274801,0.0766145,0,0.0766145,0,0,0
0,47274843,0.153229,0,0.153229,0,0,0
0,47274861,0.0766145,0,0.0766145,0,0,0
0,47274882,0,0,0,0,0,0
0,47274964,0.0766145,0,0.0766145,0,0,0
0,47274984,0.0766145,0,0.0766145,0,0,0
0,47275005,0.153229,0,0.153229,0,0,0
0,47275108,0.153229,0,0.153229,0,0,0
0,47275149,0.0766145,0,0.0766145,0,0,0
0,47275189,0.0766145,0,0.0766145,0,0,0
0,47275210,0.0766145,0,0.0766145,0,0,0
0,47275229,0,0,0,0,0,0
0,47275279,0,0,0,0,0,0
0,47275290,0.0766145,0,0.0766145,0,0,0
0,47275353,0.0766145,0,0.0766145,0,0,0
0,47275393,0,0,0,0,0,0
0,47275412,0,0,0,0,0,0
0,47275474,0.0766145,0,0.0766145,0,0,0
0,47275497,0.0766145,0,0.0766145,0,0,0
0,47275598,0,0,0,0,0,0
0,47275619,0,0,0,0,0,0
0,47275636,0,0,0,0,0,0
0,47275699,0,0,0,0,0,0
0,47275719,0,0,0,0,0,0
0,47275801,0,0,0,0,0,0
0,47275821,0.0766145,0,0.0766145,0,0,0
0,47275841,0.0766145,0,0.0766145,0,0,0
0,47275944,0.0766145,0,0.0766145,0,0,0
0,47275965,0.0766145,0,0.0766145,0,0,0
0,47276045,0.0766145,0,0.0766145,0,0,0
0,47276065,0.0766145,0,0.0766145,0,0,0
0,47276134,0.153229,0,0.153229,0,0,0
0,47276150,0.0766145,0,0.0766145,0,0,0
0,47276166,0.0766145,0,0.0766145,0,0,0
0,47276228,0.0766145,0,0.0766145,0,0,0
0,47276249,0.0766145,0,0.0766145,0,0,0
0,47276269,0,0,0,0,0,0
0,47276290,0,0,0,0,0,0
0,47276354,0,0,0,0,0,0
0,47276393,0,0,0,0,0,0
0,47276474,0,0,0,0,0,0
0,47276559,0,0,0,0,0,0
0,47276595,0,0,0,0,0,0
0,47276616,0.0766145,0,0.0766145,0,0,0
0,47276636,0.0766145,0,0.0766145,0,0,0
0,47276739,0.0766145,0,0.0766145,0,0,0
0,47276800,0.0766145,0,0.0766145,0,0,0
0,47276840,0,0,0,0,0,0
0,47276860,0,0,0,0,0,0
0,47276881,0.0766145,0,0.0766145,0,0,0
0,47276901,0.0766145,0,0.0766145,0,0,0
0,47276943,0.0766145,0,0.0766145,0,0,0
0,47276984,0.0766145,0,0.0766145,0,0,0
0,47277024,0.0766145,0,0.0766145,0,0,0
0,47277044,0.0766145,0,0.0766145,0,0,0
0,47277146,0.0766145,0,0.0766145,0,0,0
0,47277167,0.153229,0,0.153229,0,0,0
0,47277247,0.0766145,0,0.0766145,0,0,0
0,47277289,0.0766145,0,0.0766145,0,0,0
0,47277370,0.0766145,0,0.0766145,0,0,0
0,47277391,0,0,0,0,0,0
0,47277411,0,0,0,0,0,0
0,47277434,0,0,0,0,0,0
0,47277473,0.0766145,0,0.0766145,0,0,0
0,47277515,0,0,0,0,0,0
0,47277534,0,0,0,0,0,0
0,47277598,0,0,0,0,0,0
0,47277628,0.0766145,0,0.0766145,0,0,0
0,47277680,0.0766145,0,0.0766145,0,0,0
0,47277759,0.0766145,0,0.0766145,0,0,0
0,47277839,0,0,0,0,0,0
0,47277859,0,0,0,0,0,0
0,47277923,0,0,0,0,0,0
0,47278004,0,0,0,0,0,0
0,47278044,0,0,0,0,0,0
0,47278064,0.0766145,0,0.0766145,0,0,0
0,47278149,0.0766145,0,0.0766145,0,0,0
0,47278186,0,0,0,0,0,0
0,47278228,0.0766145,0,0.0766145,0,0,0
0,47278249,0.0766145,0,0.0766145,0,0,0
0,47278310,0.153229,0,0.153229,0,0,0
0,47278330,0.153229,0,0.153229,0,0,0
0,47278390,0.153229,0,0.153229,0,0,0
0,47278410,0.0766145,0,0.0766145,0,0,0
0,47278453,0,0,0,0,0,0
0,47278495,0,0,0,0,0,0
0,47278534,0,0,0,0,0,0
0,47278554,0.0766145,0,0.0766145,0,0,0
0,47278574,0.0766145,0,0.0766145,0,0,0
0,47278595,0.0766145,0,0.0766145,0,0,0
0,47278638,0.0766145,0,0.0766145,0,0,0
0,47278696,0.0766145,0,0.0766145,0,0,0
0,47278779,0.153229,0,0.153229,0,0,0
0,47278841,0.0766145,0,0.0766145,0,0,0
0,47278901,0.0766145,0,0.0766145,0,0,0
0,47279003,0.0766145,0,0.0766145,0,0,0
0,47279023,0,0,0,0,0,0
0,47279043,0,0,0,0,0,0
0,47279064,0,0,0,0,0,0
0,47279085,0,0,0,0,0,0
0,47279119,0,0,0,0,0,0
0,47279125,0.0766145,0,0.0766145,0,0,0
0,47279188,0.0766145,0,0.0766145,0,0,0
0,47279249,0.153229,0,0.153229,0,0,0
0,47279268,0.153229,0,0.153229,0,0,0
0,47279288,0.0766145,0,0.0766145,0,0,0
0,47279370,0.0766145,0,0.0766145,0,0,0
0,47279470,0.0766145,0,0.0766145,0,0,0
0,47279491,0,0,0,0,0,0
0,47279554,0,0,0,0,0,0
0,47279635,0,0,0,0,0,0
0,47279676,0,0,0,0,0,0
0,47279719,0,0,0,0,0,0
0,47279758,0.0766145,0,0.0766145,0,0,0
0,47279880,0.0766145,0,0.0766145,0,0,0
0,47279900,0.0766145,0,0.0766145,0,0,0
0,47279941,0,0,0,0,0,0
0,47279967,0,0,0,0,0,0
0,47280021,0,0,0,0,0,0
0,47280041,0,0,0,0,0,0
0,47280084,0.0766145,0,0.0766145,0,0,0
0,47280105,0.0766145,0,0.0766145,0,0,0
0,47280124,0,0,0,0,0,0
0,47280145,-0.0766145,0,-0.0766145,0,0,0
0,47280165,0,0,0,0,0,0
0,47280206,0.0766145,0,0.0766145,0,0,0
0,47280226,0.0766145,0,0.0766145,0,0,0
0,47280308,0.0766145,0,0.0766145,0,0,0
0,47280328,0.0766145,0,0.0766145,0,0,0
0,47280349,0.0766145,0,0.0766145,0,0,0
0,47280370,0.0766145,0,0.0766145,0,0,0
0,47280411,0.0766145,0,0.0766145,0,0,0
0,47280451,0.153229,0,0.153229,0,0,0
0,47280512,0.0766145,0,0.0766145,0,0,0
0,47280536,0.0766145,0,0.0766145,0,0,0
0,47280554,0,0,0,0,0,0
0,47280571,-0.0766145,0,-0.0766145,0,0,0
0,47280614,0,0,0,0,0,0
0,47280633,0.0766145,0,0.0766145,0,0,0
0,47280675,0.0766145,0,0.0766145,0,0,0
0,47280716,0.0766145,0,0.0766145,0,0,0
0,47280758,0.0766145,0,0.0766145,0,0,0
0,47280778,0.0766145,0,0.0766145,0,0,0
0,47280820,0.0766145,0,0.0766145,0,0,0
0,47280941,0.0766145,0,0.0766145,0,0,0
0,47281023,0.0766145,0,0.0766145,0,0,0
0,47281063,0.0766145,0,0.0766145,0,0,0
0,47281123,0.0766145,0,0.0766145,0,0,0
0,47281184,0.0766145,0,0.0766145,0,0,0
0,47281209,0.0766145,0,0.0766145,0,0,0
0,47281246,0,0,0,0,0,0
0,47281308,0.0766145,0,0.0766145,0,0,0
0,47281348,0.0766145,0,0.0766145,0,0,0
0,47281369,0.0766145,0,0.0766145,0,0,0
0,47281430,0.0766145,0,0.0766145,0,0,0
0,47281511,0.0766145,0,0.0766145,0,0,0
0,47281532,0,0,0,0,0,0
0,47281574,0,0,0,0,0,0
0,47281593,0.0766145,0,0.0766145,0,0,0
0,47281612,0.0766145,0,0.0766145,0,0,0
0,47281679,0.0766145,0,0.0766145,0,0,0
0,47281714,0.0766145,0,0.0766145,0,0,0
0,47281756,0.153229,0,0.153229,0,0,0
0,47281819,0.0766145,0,0.0766145,0,0,0
0,47281879,0.0766145,0,0.0766145,0,0,0
0,47282001,0.0766145,0,0.0766145,0,0,0
0,47282124,0.0766145,0,0.0766145,0,0,0
0,47282206,0,0,0,0,0,0
0,47282246,0.0766145,0,0.0766145,0,0,0
0,47282285,0.0766145,0,0.0766145,0,0,0
0,47282305,0.0766145,0,0.0766145,0,0,0
0,47282327,0.0766145,0,0.0766145,0,0,0
0,47282367,0.153229,0,0.153229,0,0,0
0,47282388,0.153229,0,0.153229,0,0,0
0,47282409,0.0766145,0,0.0766145,0,0,0
0,47282429,0,0,0,0,0,0
0,47282493,-0.0766145,0,-0.0766145,0,0,0
0,47282534,0,0,0,0,0,0
0,47282573,0.0766145,0,0.0766145,0,0,0
0,47282594,0.153229,0,0.153229,0,0,0
0,47282634,0.0766145,0,0.0766145,0,0,0
0,47282675,0.0766145,0,0.0766145,0,0,0
0,47282695,0,0,0,0,0,0
0,47282816,0,0,0,0,0,0
0,47282856,0,0,0,0,0,0
0,47282896,0,0,0,0,0,0
0,47282917,0,0,0,0,0,0
0,47283044,0,0,0,0,0,0
0,47283065,0,0,0,0,0,0
0,47283102,0,0,0,0,0,0
0,47283124,0,0,0,0,0,0
0,47283144,0.0766145,0,0.0766145,0,0,0
0,47283205,0,0,0,0,0,0
0,47283266,0,0,0,0,0,0
0,47283285,0.0766145,0,0.0766145,0,0,0
0,47283386,0.153229,0,0.153229,0,0,0
0,47283406,0.153229,0,0.153229,0,0,0
0,47283426,0.153229,0,0.153229,0,0,0
0,47283448,0.0766145,0,0.0766145,0,0,0
0,47283489,0,0,0,0,0,0
0,47283533,0.0766145,0,0.0766145,0,0,0
0,47283571,0,0,0,0,0,0
0,47283632,0,0,0,0,0,0
0,47283654,0,0,0,0,0,0
0,47283676,0,0,0,0,0,0
0,47283734,0,0,0,0,0,0
0,47283755,0,0,0,0,0,0
0,47283775,0.0766145,0,0.0766145,0,0,0
0,47283796,0.0766145,0,0.0766145,0,0,0
0,47283816,0.0766145,0,0.0766145,0,0,0
0,47283835,0.0766145,0,0.0766145,0,0,0
0,47283856,0.0766145,0,0.0766145,0,0,0
0,47283876,0.0766145,0,0.0766145,0,0,0
0,47283901,0.0766145,0,0.0766145,0,0,0
0,47283937,0.0766145,0,0.0766145,0,0,0
0,47283979,0.0766145,0,0.0766145,0,0,0
0,47283999,0.0766145,0,0.0766145,0,0,0
0,47284039,0.0766145,0,0.0766145,0,0,0
0,47284082,0,0,0,0,0,0
0,47284124,0,0,0,0,0,0
0,47284164,0,0,0,0,0,0
0,47284183,0.0766145,0,0.0766145,0,0,0
0,47284328,0.0766145,0,0.0766145,0,0,0
0,47284346,0,0,0,0,0,0
0,47284408,0,0,0,0,0,0
0,47284429,0.0766145,0,0.0766145,0,0,0
0,47284487,0.0766145,0,0.0766145,0,0,0
0,47284510,0,0,0,0,0,0
0,47284530,0.0766145,0,0.0766145,0,0,0
0,47284571,0.0766145,0,0.0766145,0,0,0
0,47284591,0.0766145,0,0.0766145,0,0,0
0,47284616,0.0766145,0,0.0766145,0,0,0
0,47284674,0.0766145,0,0.0766145,0,0,0
0,47284695,0.0766145,0,0.0766145,0,0,0
0,47284715,0.0766145,0,0.0766145,0,0,0
0,47284754,0.0766145,0,0.0766145,0,0,0
0,47284860,0,0,0,0,0,0
0,47284898,0,0,0,0,0,0
0,47284939,0.0766145,0,0.0766145,0,0,0
0,47285000,0.0766145,0,0.0766145,0,0,0
0,47285059,0.0766145,0,0.0766145,0,0,0
0,47285081,0,0,0,0,0,0
0,47285102,0,0,0,0,0,0
0,47285121,0,0,0,0,0,0
0,47285141,0.0766145,0,0.0766145,0,0,0
0,47285183,0.0766145,0,0.0766145,0,0,0
0,47285204,0.0766145,0,0.0766145,0,0,0
0,47285265,0.0766145,0,0.0766145,0,0,0
0,47285285,0.0766145,0,0.0766145,0,0,0
0,47285315,0.0766145,0,0.0766145,0,0,0
0,47285426,0.0766145,0,0.0766145,0,0,0
0,47285448,0.0766145,0,0.0766145,0,0,0
0,47285489,0.0766145,0,0.0766145,0,0,0
0,47285551,0.0766145,0,0.0766145,0,0,0
0,47285590,0.0766145,0,0.0766145,0,0,0
0,47285633,0,0,0,0,0,0
0,47285734,0,0,0,0,0,0
0,47285754,0,0,0,0,0,0
0,47285775,0.0766145,0,0.0766145,0,0,0
0,47285795,0,0,0,0,0,0
0,47285838,0.0766145,0,0.0766145,0,0,0
0,47285856,0,0,0,0,0,0
0,47285876,0,0,0,0,0,0
0,47285917,0.0766145,0,0.0766145,0,0,0
0,47285999,0.0766145,0,0.0766145,0,0,0
0,47286060,0.0766145,0,0.0766145,0,0,0
0,47286285,0.0766145,0,0.0766145,0,0,0
0,47286325,0.0766145,0,0.0766145,0,0,0
0,47286389,0,0,0,0,0,0
0,47286509,0,0,0,0,0,0
0,47286529,0,0,0,0,0,0
0,47286611,0,0,0,0,0,0
0,47286630,0,0,0,0,0,0
0,47286711,0,0,0,0,0,0
0,47286732,0,0,0,0,0,0
0,47286815,-0.0766145,0,-0.0766145,0,0,0
0,47286858,-0.0766145,0,-0.0766145,0,0,0
0,47286875,0,0,0,0,0,0
0,47286896,0.0766145,0,0.0766145,0,0,0
0,47286916,0.0766145,0,0.0766145,0,0,0
0,47286936,0.0766145,0,0.0766145,0,0,0
0,47286956,0.153229,0,0.153229,0,0,0
0,47286977,0.153229,0,0.153229,0,0,0
0,47287017,0.153229,0,0.153229,0,0,0
0,47287059,0.0766145,0,0.0766145,0,0,0
0,47287080,0.0766145,0,0.0766145,0,0,0
0,47287120,0.0766145,0,0.0766145,0,0,0
0,47287161,0.0766145,0,0.0766145,0,0,0
0,47287221,0.0766145,0,0.0766145,0,0,0
0,47287326,0.0766145,0,0.0766145,0,0,0
0,47287345,0.0766145,0,0.0766145,0,0,0
0,47287426,0.0766145,0,0.0766145,0,0,0
0,47287509,0.0766145,0,0.0766145,0,0,0
0,47287528,0,0,0,0,0,0
0,47287651,0.0766145,0,0.0766145,0,0,0
0,47287691,0.0766145,0,0.0766145,0,0,0
0,47287733,0.0766145,0,0.0766145,0,0,0
0,47287753,0.0766145,0,0.0766145,0,0,0
0,47287791,0.0766145,0,0.0766145,0,0,0
0,47287813,0.0766145,0,0.0766145,0,0,0
0,47287875,0.0766145,0,0.0766145,0,0,0
0,47287918,0.0766145,0,0.0766145,0,0,0
0,47287936,0.0766145,0,0.0766145,0,0,0
0,47288141,0.0766145,0,0.0766145,0,0,0
0,47288201,0.0766145,0,0.0766145,0,0,0
0,47288221,0.0766145,0,0.0766145,0,0,0
0,47288283,0.0766145,0,0.0766145,0,0,0
0,47288303,0.0766145,0,0.0766145,0,0,0
0,47288324,0.153229,0,0.153229,0,0,0
0,47288366,0.153229,0,0.153229,0,0,0
0,47288384,0.0766145,0,0.0766145,0,0,0
0,47288405,0,0,0,0,0,0
0,47288425,0,0,0,0,0,0
0,47288550,0.0766145,0,0.0766145,0,0,0
0,47288569,0.153229,0,0.153229,0,0,0
0,47288589,0.153229,0,0.153229,0,0,0
0,47288651,0.0766145,0,0.0766145,0,0,0
0,47288733,0.0766145,0,0.0766145,0,0,0
0,47288753,0.0766145,0,0.0766145,0,0,0
0,47288773,0.0766145,0,0.0766145,0,0,0
0,47288879,0,0,0,0,0,0
0,47288955,0,0,0,0,0,0
0,47288996,0.0766145,0,0.0766145,0,0,0
0,47289016,0.0766145,0,0.0766145,0,0,0
0,47289058,0,0,0,0,0,0
0,47289078,0,0,0,0,0,0
0,47289141,0,0,0,0,0,0
0,47289159,0.0766145,0,0.0766145,0,0,0
0,47289182,0.0766145,0,0.0766145,0,0,0
0,47289241,0.0766145,0,0.0766145,0,0,0
0,47289303,0.0766145,0,0.0766145,0,0,0
0,47289325,0.0766145,0,0.0766145,0,0,0
0,47289359,0.0766145,0,0.0766145,0,0,0
0,47289364,0.0766145,0,0.0766145,0,0,0
0,47289464,0.0766145,0,0.0766145,0,0,0
0,47289506,0.0766145,0,0.0766145,0,0,0
0,47289526,0.0766145,0,0.0766145,0,0,0
0,47289589,0.153229,0,0.153229,0,0,0
0,47289629,0.153229,0,0.153229,0,0,0
0,47289675,0.153229,0,0.153229,0,0,0
0,47289753,0.0766145,0,0.0766145,0,0,0
0,47289773,0.0766145,0,0.0766145,0,0,0
0,47289813,0.0766145,0,0.0766145,0,0,0
0,47289833,0.0766145,0,0.0766145,0,0,0
0,47289916,0,0,0,0,0,0
0,47289935,0,0,0,0,0,0
0,47289955,0.0766145,0,0.0766145,0,0,0
0,47289976,0.0766145,0,0.0766145,0,0,0
0,47290015,0.0766145,0,0.0766145,0,0,0
0,47290057,0.153229,0,0.153229,0,0,0
0,47290078,0.153229,0,0.153229,0,0,0
0,47290097,0.0766145,0,0.0766145,0,0,0
0,47290117,0.0766145,0,0.0766145,0,0,0
0,47290222,0.153229,0,0.153229,0,0,0
0,47290303,0.153229,0,0.153229,0,0,0
0,47290343,0.153229,0,0.153229,0,0,0
0,47290363,0.0766145,0,0.0766145,0,0,0
0,47290425,0.0766145,0,0.0766145,0,0,0
0,47290445,0.0766145,0,0.0766145,0,0,0
0,47290465,0.0766145,0,0.0766145,0,0,0
0,47290587,0.0766145,0,0.0766145,0,0,0
0,47290606,0.153229,0,0.153229,0,0,0
0,47290649,0.0766145,0,0.0766145,0,0,0
0,47290711,0.0766145,0,0.0766145,0,0,0
0,47290813,0.0766145,0,0.0766145,0,0,0
0,47290854,0.0766145,0,0.0766145,0,0,0
0,47290874,0,0,0,0,0,0
0,47290955,0,0,0,0,0,0
0,47291038,0,0,0,0,0,0
0,47291060,0,0,0,0,0,0
0,47291136,0.0766145,0,0.0766145,0,0,0
0,47291158,0.0766145,0,0.0766145,0,0,0
0,47291200,0.0766145,0,0.0766145,0,0,0
0,47291261,0.0766145,0,0.0766145,0,0,0
0,47291281,0.0766145,0,0.0766145,0,0,0
0,47291343,0.0766145,0,0.0766145,0,0,0
0,47291404,0.0766145,0,0.0766145,0,0,0
0,47291424,0.153229,0,0.153229,0,0,0
0,47291485,0.153229,0,0.153229,0,0,0
0,47291548,0.153229,0,0.153229,0,0,0
0,47291588,0.153229,0,0.153229,0,0,0
0,47291607,0.0766145,0,0.0766145,0,0,0
0,47291649,0.0766145,0,0.0766145,0,0,0
0,47291694,0.0766145,0,0.0766145,0,0,0
0,47291791,0.0766145,0,0.0766145,0,0,0
0,47291813,0.0766145,0,0.0766145,0,0,0
0,47291831,0.0766145,0,0.0766145,0,0,0
0,47291851,0.0766145,0,0.0766145,0,0,0
0,47291919,0.0766145,0,0.0766145,0,0,0
0,47291934,0.0766145,0,0.0766145,0,0,0
0,47291975,0.153229,0,0.153229,0,0,0
0,47291997,0.153229,0,0.153229,0,0,0
0,47292015,0.0766145,0,0.0766145,0,0,0
0,47292035,0.0766145,0,0.0766145,0,0,0
0,47292076,0.0766145,0,0.0766145,0,0,0
0,47292158,0.0766145,0,0.0766145,0,0,0
0,47292201,0.0766145,0,0.0766145,0,0,0
0,47292224,0,0,0,0,0,0
0,47292261,0.0766145,0,0.0766145,0,0,0
0,47292301,0.0766145,0,0.0766145,0,0,0
0,47292363,0.0766145,0,0.0766145,0,0,0
0,47292383,0.0766145,0,0.0766145,0,0,0
0,47292404,0.0766145,0,0.0766145,0,0,0
0,47292424,0.0766145,0,0.0766145,0,0,0
0,47292485,0.0766145,0,0.0766145,0,0,0
0,47292505,0.0766145,0,0.0766145,0,0,0
0,47292607,0.153229,0,0.153229,0,0,0
0,47292763,0.0766145,0,0.0766145,0,0,0
0,47292771,0.0766145,0,0.0766145,0,0,0
0,47292789,0,0,0,0,0,0
0,47292810,0,0,0,0,0,0
0,47292851,0.0766145,0,0.0766145,0,0,0
0,47292892,0.0766145,0,0.0766145,0,0,0
0,47292956,0.0766145,0,0.0766145,0,0,0
0,47292986,0.0766145,0,0.0766145,0,0,0
0,47293056,0.0766145,0,0.0766145,0,0,0
0,47293076,0.229843,0,0.229843,0,0,0
0,47293096,0.612916,0,0.612916,0,0,0
0,47293116,0.995988,0,0.995988,0,0,0
0,47293137,1.45567,0,1.45567,0,0,0
0,47293157,2.1452,0,2.1452,0,0,0
0,47293199,2.75812,0,2.75812,0,0,0
0,47293200,3.14119,0,3.14119,0,0,0
0,47293219,3.60088,0,3.60088,0,0,0
0,47293239,4.13718,0,4.13718,0,0,0
0,47293259,4.52025,0,4.52025,0,0,0
0,47293280,4.44364,0,4.44364,0,0,0
0,47293307,3.60088,0,3.60088,0,0,0
0,47293323,2.52828,0,2.52828,0,0,0
0,47293341,1.6089,0,1.6089,0,0,0
0,47293361,0.536301,0,0.536301,0,0,0
0,47293380,-0.995988,0,-0.995988,0,0,0
0,47293401,-2.06859,0,-2.06859,0,0,0
0,47293423,-2.83473,0,-2.83473,0,0,0
0,47293444,-3.52426,0,-3.52426,0,0,0
0,47293465,-4.36702,0,-4.36702,0,0,0
0,47293484,-4.36702,0,-4.36702,0,0,0
0,47293504,-3.75411,0,-3.75411,0,0,0
0,47293525,-3.21781,0,-3.21781,0,0,0
0,47293546,-2.98796,0,-2.98796,0,0,0
0,47293565,-2.45166,0,-2.45166,0,0,0
0,47293585,-1.68552,0,-1.68552,0,0,0
0,47293606,-0.995988,0,-0.995988,0,0,0
0,47293626,-0.536301,0,-0.536301,0,0,0
0,47293647,-0.306458,0,-0.306458,0,0,0
0,47293668,-0.153229,0,-0.153229,0,0,0
0,47293687,-0.0766145,0,-0.0766145,0,0,0
0,47293749,-0.0766145,0,-0.0766145,0,0,0
0,47293791,-0.0766145,0,-0.0766145,0,0,0
0,47293811,-0.0766145,0,-0.0766145,0,0,0
0,47293831,-0.0766145,0,-0.0766145,0,0,0
0,47293852,0,0,0,0,0,0
0,47293951,0,0,0,0,0,0
0,47293994,0,0,0,0,0,0
0,47294038,-0.0766145,0,-0.0766145,0,0,0
0,47294136,-0.0766145,0,-0.0766145,0,0,0
0,47294177,-0.0766145,0,-0.0766145,0,0,0
0,47294199,0,0,0,0,0,0
0,47294217,0,0,0,0,0,0
0,47294280,-0.0766145,0,-0.0766145,0,0,0
0,47294404,-0.0766145,0,-0.0766145,0,0,0
0,47294504,-0.0766145,0,-0.0766145,0,0,0
0,47294523,-0.0766145,0,-0.0766145,0,0,0
0,47294545,-0.0766145,0,-0.0766145,0,0,0
0,47294585,-0.0766145,0,-0.0766145,0,0,0
0,47294605,-0.153229,0,-0.153229,0,0,0
0,47294646,-0.0766145,0,-0.0766145,0,0,0
0,47294667,0,0,0,0,0,0
0,47294708,-0.0766145,0,-0.0766145,0,0,0
0,47294810,-0.153229,0,-0.153229,0,0,0
0,47294851,-0.0766145,0,-0.0766145,0,0,0
0,47294871,-0.0766145,0,-0.0766145,0,0,0
0,47294891,0,0,0,0,0,0
0,47294912,0,0,0,0,0,0
0,47294934,-0.0766145,0,-0.0766145,0,0,0
0,47294951,-0.0766145,0,-0.0766145,0,0,0
0,47294994,-0.0766145,0,-0.0766145,0,0,0
0,47295014,-0.0766145,0,-0.0766145,0,0,0
0,47295032,0,0,0,0,0,0
0,47295074,0,0,0,0,0,0
0,47295094,-0.0766145,0,-0.0766145,0,0,0
0,47295136,-0.0766145,0,-0.0766145,0,0,0
0,47295156,0,0,0,0,0,0
0,47295176,0,0,0,0,0,0
0,47295196,0,0,0,0,0,0
0,47295259,0,0,0,0,0,0
0,47295279,-0.0766145,0,-0.0766145,0,0,0
0,47295443,-0.0766145,0,-0.0766145,0,0,0
0,47295468,-0.153229,0,-0.153229,0,0,0
0,47295483,-0.153229,0,-0.153229,0,0,0
0,47295503,-0.153229,0,-0.153229,0,0,0
0,47295589,-0.0766145,0,-0.0766145,0,0,0
0,47295644,-0.0766145,0,-0.0766145,0,0,0
0,47295759,-0.0766145,0,-0.0766145,0,0,0
0,47295789,0,0,0,0,0,0
0,47295809,-0.0766145,0,-0.0766145,0,0,0
0,47295850,-0.0766145,0,-0.0766145,0,0,0
0,47295994,0,0,0,0,0,0
0,47296013,0,0,0,0,0,0
0,47296054,0,0,0,0,0,0
0,47296074,0,0,0,0,0,0
0,47296095,0,0,0,0,0,0
0,47296115,0.0766145,0,0.0766145,0,0,0
0,47296155,0,0,0,0,0,0
0,47296175,0,0,0,0,0,0
0,47296195,0,0,0,0,0,0
0,47296238,-0.0766145,0,-0.0766145,0,0,0
0,47296279,-0.0766145,0,-0.0766145,0,0,0
0,47296300,-0.0766145,0,-0.0766145,0,0,0
0,47296319,-0.153229,0,-0.153229,0,0,0
0,47296340,-0.153229,0,-0.153229,0,0,0
0,47296359,-0.0766145,0,-0.0766145,0,0,0
0,47296401,-0.0766145,0,-0.0766145,0,0,0
0,47296421,0,0,0,0,0,0
0,47296461,-0.0766145,0,-0.0766145,0,0,0
0,47296481,-0.153229,0,-0.153229,0,0,0
0,47296544,-0.153229,0,-0.153229,0,0,0
0,47296605,-0.0766145,0,-0.0766145,0,0,0
0,47296625,-0.0766145,0,-0.0766145,0,0,0
0,47296646,0,0,0,0,0,0
0,47296709,-0.0766145,0,-0.0766145,0,0,0
0,47296746,-0.0766145,0,-0.0766145,0,0,0
0,47296766,-0.0766145,0,-0.0766145,0,0,0
0,47296789,-0.153229,0,-0.153229,0,0,0
0,47296850,-0.0766145,0,-0.0766145,0,0,0
0,47296870,0,0,0,0,0,0
0,47296890,0,0,0,0,0,0
0,47296932,0,0,0,0,0,0
0,47296992,0,0,0,0,0,0
0,47297039,0,0,0,0,0,0
0,47297052,0,0,0,0,0,0
0,47297073,-0.0766145,0,-0.0766145,0,0,0
0,47297155,-0.0766145,0,-0.0766145,0,0,0
0,47297198,-0.0766145,0,-0.0766145,0,0,0
0,47297236,-0.0766145,0,-0.0766145,0,0,0
0,47297256,0,0,0,0,0,0
0,47297338,-0.0766145,0,-0.0766145,0,0,0
0,47297444,-0.0766145,0,-0.0766145,0,0,0
0,47297465,-0.153229,0,-0.153229,0,0,0
0,47297481,-0.0766145,0,-0.0766145,0,0,0
0,47297501,-0.0766145,0,-0.0766145,0,0,0
0,47297583,-0.0766145,0,-0.0766145,0,0,0
0,47297604,0,0,0,0,0,0
0,47297644,0,0,0,0,0,0
0,47297685,0.0766145,0,0.0766145,0,0,0
0,47297726,0,0,0,0,0,0
0,47297746,-0.0766145,0,-0.0766145,0,0,0
0,47297828,-0.0766145,0,-0.0766145,0,0,0
0,47297847,0,0,0,0,0,0
0,47297889,-0.0766145,0,-0.0766145,0,0,0
0,47297971,-0.0766145,0,-0.0766145,0,0,0
0,47298076,-0.0766145,0,-0.0766145,0,0,0
0,47298094,-0.0766145,0,-0.0766145,0,0,0
0,47298114,-0.0766145,0,-0.0766145,0,0,0
0,47298156,-0.0766145,0,-0.0766145,0,0,0
0,47298195,-0.153229,0,-0.153229,0,0,0
0,47298215,-0.153229,0,-0.153229,0,0,0
0,47298256,-0.0766145,0,-0.0766145,0,0,0
0,47298276,0,0,0,0,0,0
0,47298319,-0.0766145,0,-0.0766145,0,0,0
0,47298378,-0.0766145,0,-0.0766145,0,0,0
0,47298398,-0.0766145,0,-0.0766145,0,0,0
0,47298418,-0.0766145,0,-0.0766145,0,0,0
0,47298440,-0.0766145,0,-0.0766145,0,0,0
0,47298503,0,0,0,0,0,0
0,47298522,0,0,0,0,0,0
0,47298543,-0.0766145,0,-0.0766145,0,0,0
0,47298563,-0.0766145,0,-0.0766145,0,0,0
0,47298582,-0.153229,0,-0.153229,0,0,0
0,47298603,-0.0766145,0,-0.0766145,0,0,0
0,47298626,0,0,0,0,0,0
0,47298664,-0.0766145,0,-0.0766145,0,0,0
0,47298685,-0.0766145,0,-0.0766145,0,0,0
0,47298705,-0.153229,0,-0.153229,0,0,0
0,47298749,-0.153229,0,-0.153229,0,0,0
0,47298766,-0.0766145,0,-0.0766145,0,0,0
0,47298808,-0.0766145,0,-0.0766145,0,0,0
0,47298827,-0.0766145,0,-0.0766145,0,0,0
0,47298908,-0.153229,0,-0.153229,0,0,0
0,47298949,-0.0766145,0,-0.0766145,0,0,0
0,47298971,0,0,0,0,0,0
0,47299032,0,0,0,0,0,0
0,47299051,-0.0766145,0,-0.0766145,0,0,0
0,47299094,-0.0766145,0,-0.0766145,0,0,0
0,47299445,-0.0766145,0,-0.0766145,0,0,0
0,47299479,-0.0766145,0,-0.0766145,0,0,0
0,47299519,-0.0766145,0,-0.0766145,0,0,0
0,47299541,-0.0766145,0,-0.0766145,0,0,0
0,47299665,-0.0766145,0,-0.0766145,0,0,0
0,47299685,-0.0766145,0,-0.0766145,0,0,0
0,47299746,0,0,0,0,0,0
0,47299786,0,0,0,0,0,0
0,47299868,-0.0766145,0,-0.0766145,0,0,0
0,47299949,-0.153229,0,-0.153229,0,0,0
0,47299969,-0.0766145,0,-0.0766145,0,0,0
0,47299990,0,0,0,0,0,0
0,47300070,0,0,0,0,0,0
0,47300172,0,0,0,0,0,0
0,47300214,0,0,0,0,0,0
0,47300315,0,0,0,0,0,0
0,47300401,-0.0766145,0,-0.0766145,0,0,0
0,47300437,0,0,0,0,0,0
0,47300459,0,0,0,0,0,0
0,47300479,-0.0766145,0,-0.0766145,0,0,0
0,47300563,-0.0766145,0,-0.0766145,0,0,0
0,47300600,-0.0766145,0,-0.0766145,0,0,0
0,47300665,-0.0766145,0,-0.0766145,0,0,0
0,47300724,0,0,0,0,0,0
0,47300747,0,0,0,0,0,0
0,47300765,0,0,0,0,0,0
0,47300826,-0.0766145,0,-0.0766145,0,0,0
0,47300879,-0.0766145,0,-0.0766145,0,0,0
0,47300927,0,0,0,0,0,0
0,47300948,0,0,0,0,0,0
0,47300969,0,0,0,0,0,0
0,47300989,0,0,0,0,0,0
0,47301030,0,0,0,0,0,0
0,47301093,-0.0766145,0,-0.0766145,0,0,0
0,47301131,-0.153229,0,-0.153229,0,0,0
0,47301171,-0.0766145,0,-0.0766145,0,0,0
0,47301193,-0.153229,0,-0.153229,0,0,0
0,47301234,-0.0766145,0,-0.0766145,0,0,0
0,47301295,-0.0766145,0,-0.0766145,0,0,0
0,47301356,-0.0766145,0,-0.0766145,0,0,0
0,47301378,-0.153229,0,-0.153229,0,0,0
0,47301399,-0.153229,0,-0.153229,0,0,0
0,47301418,-0.0766145,0,-0.0766145,0,0,0
0,47301458,-0.0766145,0,-0.0766145,0,0,0
0,47301479,-0.0766145,0,-0.0766145,0,0,0
0,47301540,-0.0766145,0,-0.0766145,0,0,0
0,47301560,0,0,0,0,0,0
0,47301580,0,0,0,0,0,0
0,47301621,-0.0766145,0,-0.0766145,0,0,0
0,47301643,-0.0766145,0,-0.0766145,0,0,0
0,47301681,-0.0766145,0,-0.0766145,0,0,0
0,47301701,-0.0766145,0,-0.0766145,0,0,0
0,47301763,-0.0766145,0,-0.0766145,0,0,0
0,47301784,-0.0766145,0,-0.0766145,0,0,0
0,47301826,-0.153229,0,-0.153229,0,0,0
0,47301887,-0.0766145,0,-0.0766145,0,0,0
0,47301908,-0.0766145,0,-0.0766145,0,0,0
0,47302009,0,0,0,0,0,0
0,47302030,0,0,0,0,0,0
0,47302050,0,0,0,0,0,0
0,47302071,-0.0766145,0,-0.0766145,0,0,0
0,47302091,-0.0766145,0,-0.0766145,0,0,0
0,47302111,-0.153229,0,-0.153229,0,0,0
0,47302173,-0.153229,0,-0.153229,0,0,0
0,47302316,-0.0766145,0,-0.0766145,0,0,0
0,47302335,0,0,0,0,0,0
0,47302356,0,0,0,0,0,0
0,47302419,0,0,0,0,0,0
0,47302458,-0.0766145,0,-0.0766145,0,0,0
0,47302478,-0.0766145,0,-0.0766145,0,0,0
0,47302498,-0.0766145,0,-0.0766145,0,0,0
0,47302560,-0.0766145,0,-0.0766145,0,0,0
0,47302580,-0.0766145,0,-0.0766145,0,0,0
0,47302600,0,0,0,0,0,0
0,47302621,0,0,0,0,0,0
0,47302682,-0.0766145,0,-0.0766145,0,0,0
0,47302744,0,0,0,0,0,0
0,47302763,0,0,0,0,0,0
0,47302783,0,0,0,0,0,0
0,47302908,-0.0766145,0,-0.0766145,0,0,0
0,47302926,-0.0766145,0,-0.0766145,0,0,0
0,47303007,-0.0766145,0,-0.0766145,0,0,0
0,47303029,0,0,0,0,0,0
0,47303069,0,0,0,0,0,0
0,47303111,-0.0766145,0,-0.0766145,0,0,0
0,47303131,-0.0766145,0,-0.0766145,0,0,0
0,47303151,0,0,0,0,0,0
0,47303196,-0.0766145,0,-0.0766145,0,0,0
0,47303334,-0.0766145,0,-0.0766145,0,0,0
0,47303354,-0.0766145,0,-0.0766145,0,0,0
0,47303395,0,0,0,0,0,0
0,47303441,0,0,0,0,0,0
0,47303442,0,0,0,0,0,0
0,47303456,0,0,0,0,0,0
0,47303481,0,0,0,0,0,0
0,47303560,-0.0766145,0,-0.0766145,0,0,0
0,47303640,-0.0766145,0,-0.0766145,0,0,0
0,47303684,-0.0766145,0,-0.0766145,0,0,0
0,47303701,-0.0766145,0,-0.0766145,0,0,0
0,47303743,-0.0766145,0,-0.0766145,0,0,0
0,47303805,0,0,0,0,0,0
0,47303905,0,0,0,0,0,0
0,47303945,-0.0766145,0,-0.0766145,0,0,0
0,47303986,0,0,0,0,0,0
0,47304029,-0.0766145,0,-0.0766145,0,0,0
0,47304070,0,0,0,0,0,0
0,47304154,0,0,0,0,0,0
0,47304272,0,0,0,0,0,0
0,47304415,0.0766145,0,0.0766145,0,0,0
0,47304434,0.0766145,0,0.0766145,0,0,0
0,47304496,0,0,0,0,0,0
0,47304599,-0.0766145,0,-0.0766145,0,0,0
0,47304620,-0.153229,0,-0.153229,0,0,0
0,47304660,-0.0766145,0,-0.0766145,0,0,0
0,47304681,-0.0766145,0,-0.0766145,0,0,0
0,47304719,0,0,0,0,0,0
0,47304762,0,0,0,0,0,0
0,47304783,-0.0766145,0,-0.0766145,0,0,0
0,47304802,0,0,0,0,0,0
0,47304864,0,0,0,0,0,0
0,47304969,0,0,0,0,0,0
0,47305006,0,0,0,0,0,0
0,47305025,-0.0766145,0,-0.0766145,0,0,0
0,47305048,-0.0766145,0,-0.0766145,0,0,0
0,47305069,-0.0766145,0,-0.0766145,0,0,0
0,47305089,-0.0766145,0,-0.0766145,0,0,0
0,47305109,-0.0766145,0,-0.0766145,0,0,0
0,47305170,0,0,0,0,0,0
0,47305213,-0.0766145,0,-0.0766145,0,0,0
0,47305251,-0.153229,0,-0.153229,0,0,0
0,47305291,-0.0766145,0,-0.0766145,0,0,0
0,47305311,-0.0766145,0,-0.0766145,0,0,0
0,47305333,-0.0766145,0,-0.0766145,0,0,0
0,47305354,-0.153229,0,-0.153229,0,0,0
0,47305436,-0.153229,0,-0.153229,0,0,0
0,47305478,-0.0766145,0,-0.0766145,0,0,0
0,47305536,-0.0766145,0,-0.0766145,0,0,0
0,47305576,-0.0766145,0,-0.0766145,0,0,0
0,47305660,-0.0766145,0,-0.0766145,0,0,0
0,47305721,-0.0766145,0,-0.0766145,0,0,0
0,47305761,0,0,0,0,0,0
0,47305791,0,0,0,0,0,0
0,47305802,-0.0766145,0,-0.0766145,0,0,0
0,47305823,-0.0766145,0,-0.0766145,0,0,0
0,47305863,0,0,0,0,0,0
0,47305904,-0.0766145,0,-0.0766145,0,0,0
0,47305945,0,0,0,0,0,0
0,47306048,-0.0766145,0,-0.0766145,0,0,0
0,47306106,-0.153229,0,-0.153229,0,0,0
0,47306126,-0.153229,0,-0.153229,0,0,0
0,47306170,-0.0766145,0,-0.0766145,0,0,0
0,47306190,0,0,0,0,0,0
0,47306210,0,0,0,0,0,0
0,47306250,0,0,0,0,0,0
0,47306273,0,0,0,0,0,0
0,47306374,-0.0766145,0,-0.0766145,0,0,0
0,47306475,0,0,0,0,0,0
0,47306496,0,0,0,0,0,0
0,47306520,0,0,0,0,0,0
0,47306579,-0.0766145,0,-0.0766145,0,0,0
0,47306621,-0.0766145,0,-0.0766145,0,0,0
0,47306658,0,0,0,0,0,0
0,47306720,0,0,0,0,0,0
0,47306783,-0.0766145,0,-0.0766145,0,0,0
0,47306801,-0.0766145,0,-0.0766145,0,0,0
0,47306842,0,0,0,0,0,0
0,47306884,0,0,0,0,0,0
0,47306945,0,0,0,0,0,0
0,47306965,-0.0766145,0,-0.0766145,0,0,0
0,47306985,-0.153229,0,-0.153229,0,0,0
0,47307006,-0.153229,0,-0.153229,0,0,0
0,47307055,-0.0766145,0,-0.0766145,0,0,0
0,47307109,0,0,0,0,0,0
0,47307129,0.0766145,0,0.0766145,0,0,0
0,47307151,0.0766145,0,0.0766145,0,0,0
0,47307169,-0.0766145,0,-0.0766145,0,0,0
0,47307188,-0.536301,0,-0.536301,0,0,0
0,47307209,-1.0726,0,-1.0726,0,0,0
0,47307229,-1.37906,0,-1.37906,0,0,0
0,47307249,-1.45567,0,-1.45567,0,0,0
0,47307279,-1.30245,0,-1.30245,0,0,0
0,47307291,-1.0726,0,-1.0726,0,0,0
0,47307310,-0.842759,0,-0.842759,0,0,0
0,47307334,-1.14922,0,-1.14922,0,0,0
0,47307351,-1.91536,0,-1.91536,0,0,0
0,47307373,-2.60489,0,-2.60489,0,0,0
0,47307393,-2.29843,0,-2.29843,0,0,0
0,47307415,-1.6089,0,-1.6089,0,0,0
0,47307434,-1.76213,0,-1.76213,0,0,0
0,47307454,-2.06859,0,-2.06859,0,0,0
0,47307475,-1.91536,0,-1.91536,0,0,0
0,47307494,-1.6089,0,-1.6089,0,0,0
0,47307515,-1.14922,0,-1.14922,0,0,0
0,47307536,-0.383072,0,-0.383072,0,0,0
0,47307561,0.919373,0,0.919373,0,0,0
0,47307575,3.21781,0,3.21781,0,0,0
0,47307596,4.36702,0,4.36702,0,0,0
0,47307619,4.06057,0,4.06057,0,0,0
0,47307637,3.21781,0,3.21781,0,0,0
0,47307658,4.29041,0,4.29041,0,0,0
0,47307680,5.20978,0,5.20978,0,0,0
0,47307699,4.36702,0,4.36702,0,0,0
0,47307719,2.60489,0,2.60489,0,0,0
0,47307740,1.68552,0,1.68552,0,0,0
0,47307759,1.22583,0,1.22583,0,0,0
0,47307779,0.995988,0,0.995988,0,0,0
0,47307799,0.842759,0,0.842759,0,0,0
0,47307821,0.766145,0,0.766145,0,0,0
0,47307841,0.766145,0,0.766145,0,0,0
0,47307862,0.766145,0,0.766145,0,0,0
0,47307883,0.68953,0,0.68953,0,0,0
0,47307943,0.766145,0,0.766145,0,0,0
0,47308005,0.68953,0,0.68953,0,0,0
0,47308128,0.68953,0,0.68953,0,0,0
0,47308168,0.68953,0,0.68953,0,0,0
0,47308189,0.68953,0,0.68953,0,0,0
0,47308209,0.68953,0,0.68953,0,0,0
0,47308251,0.612916,0,0.612916,0,0,0
0,47308291,0.612916,0,0.612916,0,0,0
0,47308321,0.766145,0,0.766145,0,0,0
0,47308331,0.68953,0,0.68953,0,0,0
0,47308361,0.68953,0,0.68953,0,0,0
0,47308371,0.612916,0,0.612916,0,0,0
0,47308395,0.612916,0,0.612916,0,0,0
0,47308415,0.612916,0,0.612916,0,0,0
0,47308433,0.536301,0,0.536301,0,0,0
0,47308454,0.459687,0,0.459687,0,0,0
0,47308474,0.459687,0,0.459687,0,0,0
0,47308515,0.459687,0,0.459687,0,0,0
0,47308559,0.459687,0,0.459687,0,0,0
0,47308574,0.536301,0,0.536301,0,0,0
0,47308595,0.536301,0,0.536301,0,0,0
0,47308616,0.459687,0,0.459687,0,0,0
0,47308698,0.459687,0,0.459687,0,0,0
0,47308743,0.459687,0,0.459687,0,0,0
0,47308759,0.383072,0,0.383072,0,0,0
0,47308819,0.459687,0,0.459687,0,0,0
0,47308860,0.536301,0,0.536301,0,0,0
0,47308944,0.459687,0,0.459687,0,0,0
0,47308964,0.459687,0,0.459687,0,0,0
0,47309004,0.459687,0,0.459687,0,0,0
0,47309024,0.459687,0,0.459687,0,0,0
0,47309126,0.536301,0,0.536301,0,0,0
0,47309187,0.536301,0,0.536301,0,0,0
0,47309248,0.459687,0,0.459687,0,0,0
0,47309410,0.459687,0,0.459687,0,0,0
0,47309555,0.536301,0,0.536301,0,0,0
0,47309619,0.536301,0,0.536301,0,0,0
0,47309765,0.536301,0,0.536301,0,0,0
0,47309779,0.459687,0,0.459687,0,0,0
0,47309799,0.459687,0,0.459687,0,0,0
0,47309841,0.459687,0,0.459687,0,0,0
0,47309862,0.536301,0,0.536301,0,0,0
0,47309880,0.536301,0,0.536301,0,0,0
0,47309941,0.536301,0,0.536301,0,0,0
0,47309983,0.459687,0,0.459687,0,0,0
0,47313225,0.536301,0,0.536301,0,0,0
0,47313246,0.536301,0,0.536301,0,0,0
0,47313286,0.459687,0,0.459687,0,0,0
0,47313347,0.459687,0,0.459687,0,0,0
0,47313410,0.459687,0,0.459687,0,0,0
0,47313440,0.459687,0,0.459687,0,0,0
0,47313513,0.383072,0,0.383072,0,0,0
0,47313533,0.383072,0,0.383072,0,0,0
0,47313575,0.383072,0,0.383072,0,0,0
0,47313594,0.383072,0,0.383072,0,0,0
0,47313615,0.459687,0,0.459687,0,0,0
0,47313634,0.459687,0,0.459687,0,0,0
0,47313756,0.536301,0,0.536301,0,0,0
0,47313779,0.612916,0,0.612916,0,0,0
0,47313816,0.536301,0,0.536301,0,0,0
0,47313836,0.536301,0,0.536301,0,0,0
0,47313897,0.536301,0,0.536301,0,0,0
0,47313917,0.536301,0,0.536301,0,0,0
0,47313979,0.536301,0,0.536301,0,0,0
0,47314122,0.459687,0,0.459687,0,0,0
0,47314162,0.536301,0,0.536301,0,0,0
0,47314204,0.459687,0,0.459687,0,0,0
0,47314267,0.536301,0,0.536301,0,0,0
0,47314428,0.459687,0,0.459687,0,0,0
0,47314591,0.459687,0,0.459687,0,0,0
0,47314631,0.536301,0,0.536301,0,0,0
0,47314714,0.459687,0,0.459687,0,0,0
0,47314744,0.459687,0,0.459687,0,0,0
0,47314774,0.459687,0,0.459687,0,0,0
0,47314795,0.459687,0,0.459687,0,0,0
0,47314836,0.459687,0,0.459687,0,0,0
0,47314856,0.536301,0,0.536301,0,0,0
0,47314959,0.459687,0,0.459687,0,0,0
0,47314980,0.536301,0,0.536301,0,0,0
0,47315000,0.536301,0,0.536301,0,0,0
0,47315021,0.536301,0,0.536301,0,0,0
0,47315083,0.459687,0,0.459687,0,0,0
0,47315122,0.536301,0,0.536301,0,0,0
0,47315266,0.536301,0,0.536301,0,0,0
0,47315286,0.536301,0,0.536301,0,0,0
0,47315306,0.459687,0,0.459687,0,0,0
0,47315347,0.536301,0,0.536301,0,0,0
0,47315407,0.536301,0,0.536301,0,0,0
0,47315427,0.536301,0,0.536301,0,0,0
0,47315490,0.612916,0,0.612916,0,0,0
0,47315551,0.612916,0,0.612916,0,0,0
0,47315571,0.612916,0,0.612916,0,0,0
0,47315591,0.612916,0,0.612916,0,0,0
0,47315615,0.612916,0,0.612916,0,0,0
0,47315632,0.536301,0,0.536301,0,0,0
0,47315674,0.459687,0,0.459687,0,0,0
0,47315734,0.459687,0,0.459687,0,0,0
0,47315919,0.459687,0,0.459687,0,0,0
0,47315977,0.536301,0,0.536301,0,0,0
0,47316041,0.536301,0,0.536301,0,0,0
0,47316082,0.536301,0,0.536301,0,0,0
0,47316122,0.536301,0,0.536301,0,0,0
0,47316144,0.536301,0,0.536301,0,0,0
0,47316162,0.459687,0,0.459687,0,0,0
0,47316285,0.459687,0,0.459687,0,0,0
0,47316429,0.536301,0,0.536301,0,0,0
0,47316447,0.536301,0,0.536301,0,0,0
0,47316475,0.459687,0,0.459687,0,0,0
0,47316489,0.459687,0,0.459687,0,0,0
0,47316549,0.383072,0,0.383072,0,0,0
0,47316615,0.383072,0,0.383072,0,0,0
0,47316631,0.383072,0,0.383072,0,0,0
0,47316653,0.383072,0,0.383072,0,0,0
0,47316672,0.383072,0,0.383072,0,0,0
0,47316692,0.383072,0,0.383072,0,0,0
0,47316714,0.459687,0,0.459687,0,0,0
0,47316795,0.459687,0,0.459687,0,0,0
0,47316815,0.536301,0,0.536301,0,0,0
0,47316856,0.536301,0,0.536301,0,0,0
0,47316918,0.536301,0,0.536301,0,0,0
0,47316937,0.459687,0,0.459687,0,0,0
0,47317040,0.536301,0,0.536301,0,0,0
0,47317071,0.536301,0,0.536301,0,0,0
0,47317141,0.536301,0,0.536301,0,0,0
0,47317162,0.459687,0,0.459687,0,0,0
0,47317205,0.536301,0,0.536301,0,0,0
0,47317224,0.459687,0,0.459687,0,0,0
0,47317306,0.459687,0,0.459687,0,0,0
0,47317349,0.536301,0,0.536301,0,0,0
0,47317427,0.536301,0,0.536301,0,0,0
0,47317449,0.459687,0,0.459687,0,0,0
0,47317470,0.383072,0,0.383072,0,0,0
0,47317490,0.383072,0,0.383072,0,0,0
0,47317519,0.459687,0,0.459687,0,0,0
0,47317640,0.459687,0,0.459687,0,0,0
0,47317650,0.459687,0,0.459687,0,0,0
0,47317670,0.383072,0,0.383072,0,0,0
0,47317732,0.459687,0,0.459687,0,0,0
0,47317774,0.459687,0,0.459687,0,0,0
0,47317816,0.459687,0,0.459687,0,0,0
0,47317835,0.459687,0,0.459687,0,0,0
0,47317896,0.459687,0,0.459687,0,0,0
0,47317957,0.536301,0,0.536301,0,0,0
0,47317999,0.536301,0,0.536301,0,0,0
0,47318020,0.536301,0,0.536301,0,0,0
0,47318081,0.536301,0,0.536301,0,0,0
0,47318121,0.536301,0,0.536301,0,0,0
0,47318141,0.459687,0,0.459687,0,0,0
0,47318221,0.536301,0,0.536301,0,0,0
0,47318349,0.536301,0,0.536301,0,0,0
0,47318406,0.536301,0,0.536301,0,0,0
0,47318509,0.459687,0,0.459687,0,0,0
0,47318529,0.459687,0,0.459687,0,0,0
0,47318590,0.536301,0,0.536301,0,0,0
0,47318672,0.536301,0,0.536301,0,0,0
0,47318691,0.536301,0,0.536301,0,0,0
0,47318732,0.459687,0,0.459687,0,0,0
0,47318761,0.536301,0,0.536301,0,0,0
0,47318814,0.536301,0,0.536301,0,0,0
0,47318833,0.459687,0,0.459687,0,0,0
0,47318876,0.459687,0,0.459687,0,0,0
0,47318896,0.459687,0,0.459687,0,0,0
0,47318936,0.383072,0,0.383072,0,0,0
0,47318956,0.459687,0,0.459687,0,0,0
0,47318998,0.459687,0,0.459687,0,0,0
0,47319019,0.459687,0,0.459687,0,0,0
0,47319058,0.536301,0,0.536301,0,0,0
0,47319083,0.536301,0,0.536301,0,0,0
0,47319142,0.459687,0,0.459687,0,0,0
0,47319201,0.459687,0,0.459687,0,0,0
0,47319286,0.536301,0,0.536301,0,0,0
0,47319325,0.536301,0,0.536301,0,0,0
0,47319344,0.459687,0,0.459687,0,0,0
0,47319408,0.459687,0,0.459687,0,0,0
0,47319426,0.459687,0,0.459687,0,0,0
0,47319489,0.459687,0,0.459687,0,0,0
0,47319507,0.383072,0,0.383072,0,0,0
0,47319529,0.383072,0,0.383072,0,0,0
0,47319552,0.459687,0,0.459687,0,0,0
0,47319570,0.536301,0,0.536301,0,0,0
0,47319590,0.612916,0,0.612916,0,0,0
0,47319651,0.612916,0,0.612916,0,0,0
0,47319672,0.536301,0,0.536301,0,0,0
0,47319752,0.459687,0,0.459687,0,0,0
0,47319819,0.536301,0,0.536301,0,0,0
0,47319834,0.536301,0,0.536301,0,0,0
0,47319864,0.459687,0,0.459687,0,0,0
0,47319875,0.459687,0,0.459687,0,0,0
0,47319894,0.459687,0,0.459687,0,0,0
0,47319915,0.459687,0,0.459687,0,0,0
0,47319956,0.536301,0,0.536301,0,0,0
0,47319977,0.536301,0,0.536301,0,0,0
0,47319996,0.459687,0,0.459687,0,0,0
0,47320079,0.536301,0,0.536301,0,0,0
0,47320119,0.459687,0,0.459687,0,0,0
0,47320160,0.536301,0,0.536301,0,0,0
0,47320241,0.536301,0,0.536301,0,0,0
0,47320324,0.459687,0,0.459687,0,0,0
0,47320344,0.536301,0,0.536301,0,0,0
0,47320364,0.612916,0,0.612916,0,0,0
0,47320405,0.612916,0,0.612916,0,0,0
0,47320465,0.612916,0,0.612916,0,0,0
0,47320486,0.612916,0,0.612916,0,0,0
0,47320547,0.536301,0,0.536301,0,0,0
0,47320589,0.536301,0,0.536301,0,0,0
0,47320630,0.459687,0,0.459687,0,0,0
0,47320650,0.459687,0,0.459687,0,0,0
0,47320688,0.536301,0,0.536301,0,0,0
0,47320710,0.536301,0,0.536301,0,0,0
0,47320730,0.612916,0,0.612916,0,0,0
0,47320751,0.612916,0,0.612916,0,0,0
0,47320835,0.536301,0,0.536301,0,0,0
0,47320854,0.536301,0,0.536301,0,0,0
0,47320874,0.459687,0,0.459687,0,0,0
0,47320899,0.383072,0,0.383072,0,0,0
0,47320915,0.459687,0,0.459687,0,0,0
0,47320935,0.459687,0,0.459687,0,0,0
0,47320958,0.536301,0,0.536301,0,0,0
0,47320981,0.459687,0,0.459687,0,0,0
0,47321036,0.536301,0,0.536301,0,0,0
0,47321141,0.536301,0,0.536301,0,0,0
0,47321180,0.459687,0,0.459687,0,0,0
0,47321221,0.459687,0,0.459687,0,0,0
0,47321261,0.536301,0,0.536301,0,0,0
0,47321281,0.536301,0,0.536301,0,0,0
0,47321323,0.459687,0,0.459687,0,0,0
0,47321384,0.536301,0,0.536301,0,0,0
0,47321425,0.536301,0,0.536301,0,0,0
0,47321465,0.536301,0,0.536301,0,0,0
0,47321485,0.536301,0,0.536301,0,0,0
0,47321507,0.536301,0,0.536301,0,0,0
0,47321586,0.459687,0,0.459687,0,0,0
0,47321626,0.536301,0,0.536301,0,0,0
0,47321649,0.536301,0,0.536301,0,0,0
0,47321731,0.536301,0,0.536301,0,0,0
0,47321915,0.536301,0,0.536301,0,0,0
0,47321955,0.612916,0,0.612916,0,0,0
0,47321975,0.536301,0,0.536301,0,0,0
0,47322036,0.459687,0,0.459687,0,0,0
0,47322056,0.459687,0,0.459687,0,0,0
0,47322076,0.536301,0,0.536301,0,0,0
0,47322137,0.536301,0,0.536301,0,0,0
0,47322158,0.536301,0,0.536301,0,0,0
0,47322199,0.459687,0,0.459687,0,0,0
0,47322219,0.459687,0,0.459687,0,0,0
0,47322260,0.536301,0,0.536301,0,0,0
0,47322322,0.459687,0,0.459687,0,0,0
0,47322445,0.536301,0,0.536301,0,0,0
0,47322485,0.536301,0,0.536301,0,0,0
0,47322508,0.612916,0,0.612916,0,0,0
0,47322525,0.536301,0,0.536301,0,0,0
0,47322546,0.459687,0,0.459687,0,0,0
0,47322586,0.536301,0,0.536301,0,0,0
0,47322606,0.459687,0,0.459687,0,0,0
0,47322639,0.459687,0,0.459687,0,0,0
0,47322715,0.536301,0,0.536301,0,0,0
0,47322749,0.536301,0,0.536301,0,0,0
0,47322791,0.536301,0,0.536301,0,0,0
0,47322873,0.536301,0,0.536301,0,0,0
0,47322892,0.612916,0,0.612916,0,0,0
0,47322955,0.612916,0,0.612916,0,0,0
0,47322976,0.536301,0,0.536301,0,0,0
0,47323015,0.459687,0,0.459687,0,0,0
0,47323038,0.459687,0,0.459687,0,0,0
0,47323056,0.459687,0,0.459687,0,0,0
0,47323119,0.459687,0,0.459687,0,0,0
0,47323179,0.536301,0,0.536301,0,0,0
0,47323240,0.459687,0,0.459687,0,0,0
0,47323262,0.459687,0,0.459687,0,0,0
0,47323300,0.459687,0,0.459687,0,0,0
0,47323340,0.536301,0,0.536301,0,0,0
0,47323362,0.536301,0,0.536301,0,0,0
0,47323385,0.459687,0,0.459687,0,0,0
0,47323404,0.536301,0,0.536301,0,0,0
0,47323465,0.536301,0,0.536301,0,0,0
0,47323484,0.612916,0,0.612916,0,0,0
0,47323505,0.612916,0,0.612916,0,0,0
0,47323545,0.536301,0,0.536301,0,0,0
0,47323586,0.459687,0,0.459687,0,0,0
0,47323649,0.459687,0,0.459687,0,0,0
0,47323697,0.536301,0,0.536301,0,0,0
0,47323709,0.536301,0,0.536301,0,0,0
0,47323730,0.459687,0,0.459687,0,0,0
0,47323750,0.459687,0,0.459687,0,0,0
0,47323772,0.459687,0,0.459687,0,0,0
0,47323851,0.459687,0,0.459687,0,0,0
0,47324000,0.536301,0,0.536301,0,0,0
0,47324015,0.536301,0,0.536301,0,0,0
0,47324055,0.536301,0,0.536301,0,0,0
0,47324096,0.536301,0,0.536301,0,0,0
0,47324116,0.459687,0,0.459687,0,0,0
0,47324136,0.536301,0,0.536301,0,0,0
0,47324156,0.459687,0,0.459687,0,0,0
0,47324177,0.459687,0,0.459687,0,0,0
0,47324259,0.459687,0,0.459687,0,0,0
0,47324300,0.536301,0,0.536301,0,0,0
0,47324444,0.459687,0,0.459687,0,0,0
0,47324505,0.459687,0,0.459687,0,0,0
0,47324525,0.459687,0,0.459687,0,0,0
0,47324586,0.459687,0,0.459687,0,0,0
0,47324606,0.536301,0,0.536301,0,0,0
0,47324647,0.536301,0,0.536301,0,0,0
0,47324668,0.612916,0,0.612916,0,0,0
0,47324687,0.612916,0,0.612916,0,0,0
0,47324709,0.536301,0,0.536301,0,0,0
0,47324749,0.536301,0,0.536301,0,0,0
0,47324811,0.536301,0,0.536301,0,0,0
0,47324831,0.459687,0,0.459687,0,0,0
0,47324871,0.536301,0,0.536301,0,0,0
0,47324893,0.459687,0,0.459687,0,0,0
0,47324954,0.459687,0,0.459687,0,0,0
0,47325076,0.459687,0,0.459687,0,0,0
0,47325116,0.459687,0,0.459687,0,0,0
0,47325199,0.459687,0,0.459687,0,0,0
0,47325237,0.536301,0,0.536301,0,0,0
0,47325340,0.536301,0,0.536301,0,0,0
0,47325381,0.536301,0,0.536301,0,0,0
0,47325422,0.536301,0,0.536301,0,0,0
0,47325464,0.459687,0,0.459687,0,0,0
0,47325506,0.536301,0,0.536301,0,0,0
0,47325544,0.459687,0,0.459687,0,0,0
0,47325584,0.459687,0,0.459687,0,0,0
0,47325605,0.536301,0,0.536301,0,0,0
0,47325647,0.536301,0,0.536301,0,0,0
0,47325709,0.612916,0,0.612916,0,0,0
0,47325749,0.536301,0,0.536301,0,0,0
0,47325850,0.536301,0,0.536301,0,0,0
0,47325890,0.612916,0,0.612916,0,0,0
0,47325915,0.536301,0,0.536301,0,0,0
0,47325931,0.536301,0,0.536301,0,0,0
0,47325951,0.459687,0,0.459687,0,0,0
0,47325972,0.536301,0,0.536301,0,0,0
0,47326034,0.536301,0,0.536301,0,0,0
0,47326094,0.536301,0,0.536301,0,0,0
0,47326177,0.536301,0,0.536301,0,0,0
0,47326217,0.612916,0,0.612916,0,0,0
0,47326247,0.536301,0,0.536301,0,0,0
0,47326258,0.459687,0,0.459687,0,0,0
0,47326338,0.459687,0,0.459687,0,0,0
0,47326479,0.536301,0,0.536301,0,0,0
0,47326542,0.612916,0,0.612916,0,0,0
0,47326584,0.536301,0,0.536301,0,0,0
0,47326625,0.612916,0,0.612916,0,0,0
0,47326647,0.612916,0,0.612916,0,0,0
0,47326664,0.536301,0,0.536301,0,0,0
0,47326705,0.536301,0,0.536301,0,0,0
0,47326725,0.536301,0,0.536301,0,0,0
0,47326766,0.536301,0,0.536301,0,0,0
0,47326810,0.459687,0,0.459687,0,0,0
0,47326830,0.459687,0,0.459687,0,0,0
0,47326851,0.459687,0,0.459687,0,0,0
0,47326870,0.459687,0,0.459687,0,0,0
0,47326890,0.459687,0,0.459687,0,0,0
0,47326931,0.383072,0,0.383072,0,0,0
0,47327014,0.459687,0,0.459687,0,0,0
0,47327032,0.383072,0,0.383072,0,0,0
0,47327054,0.459687,0,0.459687,0,0,0
0,47327072,0.536301,0,0.536301,0,0,0
0,47327156,0.612916,0,0.612916,0,0,0
0,47327235,0.612916,0,0.612916,0,0,0
0,47327276,0.536301,0,0.536301,0,0,0
0,47327297,0.459687,0,0.459687,0,0,0
0,47327340,0.536301,0,0.536301,0,0,0
0,47327442,0.459687,0,0.459687,0,0,0
0,47327461,0.536301,0,0.536301,0,0,0
0,47327504,0.536301,0,0.536301,0,0,0
0,47327522,0.536301,0,0.536301,0,0,0
0,47327565,0.459687,0,0.459687,0,0,0
0,47327584,0.459687,0,0.459687,0,0,0
0,47327604,0.536301,0,0.536301,0,0,0
0,47327759,0.536301,0,0.536301,0,0,0
0,47327842,0.459687,0,0.459687,0,0,0
0,47327869,0.383072,0,0.383072,0,0,0
0,47327889,0.459687,0,0.459687,0,0,0
0,47327951,0.536301,0,0.536301,0,0,0
0,47328011,0.536301,0,0.536301,0,0,0
0,47328032,0.459687,0,0.459687,0,0,0
0,47328054,0.459687,0,0.459687,0,0,0
0,47328094,0.536301,0,0.536301,0,0,0
0,47328195,0.459687,0,0.459687,0,0,0
0,47328236,0.536301,0,0.536301,0,0,0
0,47328276,0.459687,0,0.459687,0,0,0
0,47328338,0.536301,0,0.536301,0,0,0
0,47328379,0.612916,0,0.612916,0,0,0
0,47328399,0.612916,0,0.612916,0,0,0
0,47328440,0.536301,0,0.536301,0,0,0
0,47328522,0.536301,0,0.536301,0,0,0
0,47328562,0.536301,0,0.536301,0,0,0
0,47328665,0.536301,0,0.536301,0,0,0
0,47328685,0.536301,0,0.536301,0,0,0
0,47328725,0.536301,0,0.536301,0,0,0
0,47328745,0.536301,0,0.536301,0,0,0
0,47328766,0.459687,0,0.459687,0,0,0
0,47328796,0.459687,0,0.459687,0,0,0
0,47328890,0.536301,0,0.536301,0,0,0
0,47328929,0.536301,0,0.536301,0,0,0
0,47328949,0.536301,0,0.536301,0,0,0
0,47329136,0.459687,0,0.459687,0,0,0
0,47329174,0.459687,0,0.459687,0,0,0
0,47329236,0.536301,0,0.536301,0,0,0
0,47329296,0.536301,0,0.536301,0,0,0
0,47329316,0.536301,0,0.536301,0,0,0
0,47329337,0.612916,0,0.612916,0,0,0
0,47329357,0.536301,0,0.536301,0,0,0
0,47329479,0.536301,0,0.536301,0,0,0
0,47329520,0.459687,0,0.459687,0,0,0
0,47329584,0.459687,0,0.459687,0,0,0
0,47329686,0.459687,0,0.459687,0,0,0
0,47329704,0.536301,0,0.536301,0,0,0
0,47329765,0.536301,0,0.536301,0,0,0
0,47329786,0.536301,0,0.536301,0,0,0
0,47329826,0.612916,0,0.612916,0,0,0
0,47329856,0.612916,0,0.612916,0,0,0
0,47329867,0.612916,0,0.612916,0,0,0
0,47329889,0.536301,0,0.536301,0,0,0
0,47329907,0.536301,0,0.536301,0,0,0
0,47329950,0.536301,0,0.536301,0,0,0
0,47329971,0.612916,0,0.612916,0,0,0
0,47330011,0.536301,0,0.536301,0,0,0
0,47330050,0.536301,0,0.536301,0,0,0
0,47330070,0.536301,0,0.536301,0,0,0
0,47330100,0.536301,0,0.536301,0,0,0
0,47330114,0.536301,0,0.536301,0,0,0
0,47330174,0.612916,0,0.612916,0,0,0
0,47330213,0.536301,0,0.536301,0,0,0
0,47330235,0.459687,0,0.459687,0,0,0
0,47330277,0.383072,0,0.383072,0,0,0
0,47330319,0.459687,0,0.459687,0,0,0
0,47330320,0.536301,0,0.536301,0,0,0
0,47330336,0.536301,0,0.536301,0,0,0
0,47330357,0.536301,0,0.536301,0,0,0
0,47330459,0.536301,0,0.536301,0,0,0
0,47330500,0.459687,0,0.459687,0,0,0
0,47330541,0.459687,0,0.459687,0,0,0
0,47330570,0.459687,0,0.459687,0,0,0
0,47330600,0.536301,0,0.536301,0,0,0
0,47330623,0.536301,0,0.536301,0,0,0
0,47330641,0.459687,0,0.459687,0,0,0
0,47330664,0.459687,0,0.459687,0,0,0
0,47330683,0.536301,0,0.536301,0,0,0
0,47330703,0.612916,0,0.612916,0,0,0
0,47330765,0.612916,0,0.612916,0,0,0
0,47330806,0.612916,0,0.612916,0,0,0
0,47330826,0.612916,0,0.612916,0,0,0
0,47330870,0.536301,0,0.536301,0,0,0
0,47330887,0.459687,0,0.459687,0,0,0
0,47330907,0.459687,0,0.459687,0,0,0
0,47330929,0.459687,0,0.459687,0,0,0
0,47330990,0.536301,0,0.536301,0,0,0
0,47331030,0.459687,0,0.459687,0,0,0
0,47331092,0.459687,0,0.459687,0,0,0
0,47331112,0.536301,0,0.536301,0,0,0
0,47331191,0.459687,0,0.459687,0,0,0
0,47331255,0.536301,0,0.536301,0,0,0
0,47331336,0.459687,0,0.459687,0,0,0
0,47331417,0.459687,0,0.459687,0,0,0
0,47331439,0.536301,0,0.536301,0,0,0
0,47331459,0.612916,0,0.612916,0,0,0
0,47331541,0.536301,0,0.536301,0,0,0
0,47331601,0.536301,0,0.536301,0,0,0
0,47331602,0.459687,0,0.459687,0,0,0
0,47331621,0.459687,0,0.459687,0,0,0
0,47331664,0.459687,0,0.459687,0,0,0
0,47331682,0.459687,0,0.459687,0,0,0
0,47331827,0.536301,0,0.536301,0,0,0
0,47331907,0.536301,0,0.536301,0,0,0
0,47331927,0.536301,0,0.536301,0,0,0
0,47331946,0.536301,0,0.536301,0,0,0
0,47332091,0.536301,0,0.536301,0,0,0
0,47332111,0.536301,0,0.536301,0,0,0
0,47332171,0.536301,0,0.536301,0,0,0
0,47332213,0.536301,0,0.536301,0,0,0
0,47332234,0.612916,0,0.612916,0,0,0
0,47332274,0.536301,0,0.536301,0,0,0
0,47332356,0.459687,0,0.459687,0,0,0
0,47332377,0.459687,0,0.459687,0,0,0
0,47332417,0.459687,0,0.459687,0,0,0
0,47332437,0.536301,0,0.536301,0,0,0
0,47332477,0.536301,0,0.536301,0,0,0
0,47332560,0.536301,0,0.536301,0,0,0
0,47332683,0.536301,0,0.536301,0,0,0
0,47332702,0.459687,0,0.459687,0,0,0
0,47332745,0.459687,0,0.459687,0,0,0
0,47332771,0.536301,0,0.536301,0,0,0
0,47332783,0.536301,0,0.536301,0,0,0
0,47332804,0.536301,0,0.536301,0,0,0
0,47332927,0.459687,0,0.459687,0,0,0
0,47333009,0.459687,0,0.459687,0,0,0
0,47333029,0.459687,0,0.459687,0,0,0
0,47333070,0.459687,0,0.459687,0,0,0
0,47333090,0.459687,0,0.459687,0,0,0
0,47333131,0.536301,0,0.536301,0,0,0
0,47333151,0.612916,0,0.612916,0,0,0
0,47333191,0.536301,0,0.536301,0,0,0
0,47333274,0.612916,0,0.612916,0,0,0
0,47333320,0.536301,0,0.536301,0,0,0
0,47333335,0.536301,0,0.536301,0,0,0
0,47333354,0.536301,0,0.536301,0,0,0
0,47333395,0.536301,0,0.536301,0,0,0
0,47333415,0.536301,0,0.536301,0,0,0
0,47333437,0.459687,0,0.459687,0,0,0
0,47333457,0.459687,0,0.459687,0,0,0
0,47333477,0.536301,0,0.536301,0,0,0
0,47333539,0.536301,0,0.536301,0,0,0
0,47333640,0.536301,0,0.536301,0,0,0
0,47333764,0.536301,0,0.536301,0,0,0
0,47333785,0.459687,0,0.459687,0,0,0
0,47333845,0.383072,0,0.383072,0,0,0
0,47333916,0.459687,0,0.459687,0,0,0
0,47333946,0.536301,0,0.536301,0,0,0
0,47334029,0.459687,0,0.459687,0,0,0
0,47334050,0.459687,0,0.459687,0,0,0
0,47334069,0.459687,0,0.459687,0,0,0
0,47334089,0.536301,0,0.536301,0,0,0
0,47334159,0.536301,0,0.536301,0,0,0
0,47334191,0.536301,0,0.536301,0,0,0
0,47334252,0.459687,0,0.459687,0,0,0
0,47334315,0.536301,0,0.536301,0,0,0
0,47334334,0.536301,0,0.536301,0,0,0
0,47334373,0.459687,0,0.459687,0,0,0
0,47334455,0.459687,0,0.459687,0,0,0
0,47334496,0.459687,0,0.459687,0,0,0
0,47334516,0.536301,0,0.536301,0,0,0
0,47334581,0.536301,0,0.536301,0,0,0
0,47334599,0.612916,0,0.612916,0,0,0
0,47334620,0.612916,0,0.612916,0,0,0
0,47334640,0.536301,0,0.536301,0,0,0
0,47334660,0.459687,0,0.459687,0,0,0
0,47334741,0.536301,0,0.536301,0,0,0
0,47334864,0.459687,0,0.459687,0,0,0
0,47334904,0.459687,0,0.459687,0,0,0
0,47334925,0.536301,0,0.536301,0,0,0
0,47334946,0.536301,0,0.536301,0,0,0
0,47334987,0.612916,0,0.612916,0,0,0
0,47335026,0.536301,0,0.536301,0,0,0
0,47335110,0.459687,0,0.459687,0,0,0
0,47335170,0.536301,0,0.536301,0,0,0
0,47335251,0.536301,0,0.536301,0,0,0
0,47335271,0.612916,0,0.612916,0,0,0
0,47335292,0.68953,0,0.68953,0,0,0
0,47335314,0.995988,0,0.995988,0,0,0
0,47335333,1.30245,0,1.30245,0,0,0
0,47335375,1.0726,0,1.0726,0,0,0
0,47335395,0.995988,0,0.995988,0,0,0
0,47335439,1.22583,0,1.22583,0,0,0
0,47335440,1.53229,0,1.53229,0,0,0
0,47335455,1.68552,0,1.68552,0,0,0
0,47335476,1.83875,0,1.83875,0,0,0
0,47335496,2.06859,0,2.06859,0,0,0
0,47335519,2.37505,0,2.37505,0,0,0
0,47335537,2.75812,0,2.75812,0,0,0
0,47335561,3.21781,0,3.21781,0,0,0
0,47335577,3.52426,0,3.52426,0,0,0
0,47335596,3.06458,0,3.06458,0,0,0
0,47335617,2.45166,0,2.45166,0,0,0
0,47335639,2.29843,0,2.29843,0,0,0
0,47335659,1.76213,0,1.76213,0,0,0
0,47335682,1.53229,0,1.53229,0,0,0
0,47335700,1.14922,0,1.14922,0,0,0
0,47335721,0.842759,0,0.842759,0,0,0
0,47335741,0.383072,0,0.383072,0,0,0
0,47335761,-0.383072,0,-0.383072,0,0,0
0,47335784,-1.14922,0,-1.14922,0,0,0
0,47335806,-1.30245,0,-1.30245,0,0,0
0,47335822,-0.995988,0,-0.995988,0,0,0
0,47335843,-0.919373,0,-0.919373,0,0,0
0,47335866,-0.842759,0,-0.842759,0,0,0
0,47335884,-0.612916,0,-0.612916,0,0,0
0,47335904,-0.919373,0,-0.919373,0,0,0
0,47335924,-1.53229,0,-1.53229,0,0,0
0,47335946,-1.99198,0,-1.99198,0,0,0
0,47335965,-2.06859,0,-2.06859,0,0,0
0,47335986,-1.45567,0,-1.45567,0,0,0
0,47336006,-0.766145,0,-0.766145,0,0,0
0,47336026,-0.306458,0,-0.306458,0,0,0
0,47336047,0,0,0,0,0,0
0,47336071,0.153229,0,0.153229,0,0,0
0,47336094,0.229843,0,0.229843,0,0,0
0,47336106,0.306458,0,0.306458,0,0,0
0,47336147,0.306458,0,0.306458,0,0,0
0,47336170,0.383072,0,0.383072,0,0,0
0,47336190,0.459687,0,0.459687,0,0,0
0,47336211,0.459687,0,0.459687,0,0,0
0,47336251,0.383072,0,0.383072,0,0,0
0,47336292,0.383072,0,0.383072,0,0,0
0,47336312,0.459687,0,0.459687,0,0,0
0,47336352,0.459687,0,0.459687,0,0,0
0,47336373,0.459687,0,0.459687,0,0,0
0,47336415,0.383072,0,0.383072,0,0,0
0,47336497,0.383072,0,0.383072,0,0,0
0,47336601,0.383072,0,0.383072,0,0,0
0,47336638,0.383072,0,0.383072,0,0,0
0,47336657,0.383072,0,0.383072,0,0,0
0,47336679,0.383072,0,0.383072,0,0,0
0,47336719,0.383072,0,0.383072,0,0,0
0,47336720,0.306458,0,0.306458,0,0,0
0,47336740,0.383072,0,0.383072,0,0,0
0,47336785,0.306458,0,0.306458,0,0,0
0,47336822,0.306458,0,0.306458,0,0,0
0,47336882,0.306458,0,0.306458,0,0,0
0,47336904,0.383072,0,0.383072,0,0,0
0,47336924,0.383072,0,0.383072,0,0,0
0,47336965,0.306458,0,0.306458,0,0,0
0,47337026,0.383072,0,0.383072,0,0,0
0,47337066,0.383072,0,0.383072,0,0,0
0,47337109,0.459687,0,0.459687,0,0,0
0,47337129,0.459687,0,0.459687,0,0,0
0,47337152,0.383072,0,0.383072,0,0,0
0,47337170,0.383072,0,0.383072,0,0,0
0,47337210,0.383072,0,0.383072,0,0,0
0,47337291,0.383072,0,0.383072,0,0,0
0,47337311,0.306458,0,0.306458,0,0,0
0,47337335,0.306458,0,0.306458,0,0,0
0,47337352,0.383072,0,0.383072,0,0,0
0,47337394,0.383072,0,0.383072,0,0,0
0,47337434,0.306458,0,0.306458,0,0,0
0,47337495,0.306458,0,0.306458,0,0,0
0,47337557,0.306458,0,0.306458,0,0,0
0,47337581,0.383072,0,0.383072,0,0,0
0,47337599,0.383072,0,0.383072,0,0,0
0,47337637,0.383072,0,0.383072,0,0,0
0,47337659,0.306458,0,0.306458,0,0,0
0,47337720,0.383072,0,0.383072,0,0,0
0,47337800,0.383072,0,0.383072,0,0,0
0,47337965,0.383072,0,0.383072,0,0,0
0,47337999,0.383072,0,0.383072,0,0,0
0,47338026,0.383072,0,0.383072,0,0,0
0,47338066,0.459687,0,0.459687,0,0,0
0,47338086,0.383072,0,0.383072,0,0,0
0,47338149,0.306458,0,0.306458,0,0,0
0,47338209,0.306458,0,0.306458,0,0,0
0,47338229,0.306458,0,0.306458,0,0,0
0,47338249,0.383072,0,0.383072,0,0,0
0,47338270,0.383072,0,0.383072,0,0,0
0,47338288,0.459687,0,0.459687,0,0,0
0,47338330,0.459687,0,0.459687,0,0,0
0,47338350,0.383072,0,0.383072,0,0,0
0,47338392,0.306458,0,0.306458,0,0,0
0,47338496,0.306458,0,0.306458,0,0,0
0,47338515,0.383072,0,0.383072,0,0,0
0,47338637,0.383072,0,0.383072,0,0,0
0,47338699,0.383072,0,0.383072,0,0,0
0,47338805,0.383072,0,0.383072,0,0,0
0,47338844,0.383072,0,0.383072,0,0,0
0,47338881,0.383072,0,0.383072,0,0,0
0,47338901,0.383072,0,0.383072,0,0,0
0,47338921,0.383072,0,0.383072,0,0,0
0,47338986,0.383072,0,0.383072,0,0,0
0,47339005,0.383072,0,0.383072,0,0,0
0,47339045,0.383072,0,0.383072,0,0,0
0,47339106,0.383072,0,0.383072,0,0,0
0,47339147,0.306458,0,0.306458,0,0,0
0,47339209,0.306458,0,0.306458,0,0,0
0,47339279,0.383072,0,0.383072,0,0,0
0,47339432,0.383072,0,0.383072,0,0,0
0,47339451,0.383072,0,0.383072,0,0,0
0,47339474,0.306458,0,0.306458,0,0,0
0,47339535,0.306458,0,0.306458,0,0,0
0,47339556,0.306458,0,0.306458,0,0,0
0,47339617,0.306458,0,0.306458,0,0,0
0,47339656,0.306458,0,0.306458,0,0,0
0,47339679,0.383072,0,0.383072,0,0,0
0,47339719,0.383072,0,0.383072,0,0,0
0,47339741,0.459687,0,0.459687,0,0,0
0,47339861,0.383072,0,0.383072,0,0,0
0,47339889,0.383072,0,0.383072,0,0,0
0,47339941,0.383072,0,0.383072,0,0,0
0,47340025,0.383072,0,0.383072,0,0,0
0,47340065,0.459687,0,0.459687,0,0,0
0,47340106,0.459687,0,0.459687,0,0,0
0,47340168,0.383072,0,0.383072,0,0,0
0,47340229,0.306458,0,0.306458,0,0,0
0,47340310,0.383072,0,0.383072,0,0,0
0,47340340,0.383072,0,0.383072,0,0,0
0,47340394,0.383072,0,0.383072,0,0,0
0,47340411,0.306458,0,0.306458,0,0,0
0,47340576,0.383072,0,0.383072,0,0,0
0,47340656,0.383072,0,0.383072,0,0,0
0,47340697,0.459687,0,0.459687,0,0,0
0,47340717,0.383072,0,0.383072,0,0,0
0,47340737,0.306458,0,0.306458,0,0,0
0,47340840,0.306458,0,0.306458,0,0,0
0,47340942,0.383072,0,0.383072,0,0,0
0,47340984,0.306458,0,0.306458,0,0,0
0,47341022,0.383072,0,0.383072,0,0,0
0,47341082,0.459687,0,0.459687,0,0,0
0,47341126,0.383072,0,0.383072,0,0,0
0,47341145,0.383072,0,0.383072,0,0,0
0,47341166,0.383072,0,0.383072,0,0,0
0,47341208,0.383072,0,0.383072,0,0,0
0,47341269,0.459687,0,0.459687,0,0,0
0,47341309,0.459687,0,0.459687,0,0,0
0,47341371,0.383072,0,0.383072,0,0,0
0,47341390,0.383072,0,0.383072,0,0,0
0,47341433,0.306458,0,0.306458,0,0,0
0,47341514,0.383072,0,0.383072,0,0,0
0,47341573,0.383072,0,0.383072,0,0,0
0,47341621,0.383072,0,0.383072,0,0,0
0,47341636,0.383072,0,0.383072,0,0,0
0,47341656,0.459687,0,0.459687,0,0,0
0,47341717,0.383072,0,0.383072,0,0,0
0,47341758,0.383072,0,0.383072,0,0,0
0,47341779,0.383072,0,0.383072,0,0,0
0,47341840,0.383072,0,0.383072,0,0,0
0,47341924,0.383072,0,0.383072,0,0,0
0,47342003,0.383072,0,0.383072,0,0,0
0,47342022,0.306458,0,0.306458,0,0,0
0,47342042,0.306458,0,0.306458,0,0,0
0,47342085,0.383072,0,0.383072,0,0,0
0,47342165,0.459687,0,0.459687,0,0,0
0,47342247,0.459687,0,0.459687,0,0,0
0,47342269,0.383072,0,0.383072,0,0,0
0,47342287,0.383072,0,0.383072,0,0,0
0,47342349,0.383072,0,0.383072,0,0,0
0,47342370,0.306458,0,0.306458,0,0,0
0,47342410,0.306458,0,0.306458,0,0,0
0,47342472,0.306458,0,0.306458,0,0,0
0,47342554,0.383072,0,0.383072,0,0,0
0,47342675,0.383072,0,0.383072,0,0,0
0,47342757,0.383072,0,0.383072,0,0,0
0,47342777,0.383072,0,0.383072,0,0,0
0,47342797,0.383072,0,0.383072,0,0,0
0,47342819,0.383072,0,0.383072,0,0,0
0,47342879,0.383072,0,0.383072,0,0,0
0,47342985,0.383072,0,0.383072,0,0,0
0,47343044,0.383072,0,0.383072,0,0,0
0,47343125,0.383072,0,0.383072,0,0,0
0,47343145,0.306458,0,0.306458,0,0,0
0,47343206,0.229843,0,0.229843,0,0,0
0,47343227,-0.153229,0,-0.153229,0,0,0
0,47343246,-0.842759,0,-0.842759,0,0,0
0,47343265,-1.6089,0,-1.6089,0,0,0
0,47343286,-2.1452,0,-2.1452,0,0,0
0,47343306,-2.52828,0,-2.52828,0,0,0
0,47343329,-2.75812,0,-2.75812,0,0,0
0,47343349,-2.91135,0,-2.91135,0,0,0
0,47343369,-3.06458,0,-3.06458,0,0,0
0,47343389,-3.06458,0,-3.06458,0,0,0
0,47343410,-3.06458,0,-3.06458,0,0,0
0,47343430,-2.52828,0,-2.52828,0,0,0
0,47343452,-1.68552,0,-1.68552,0,0,0
0,47343470,-0.612916,0,-0.612916,0,0,0
0,47343491,0.459687,0,0.459687,0,0,0
0,47343511,1.83875,0,1.83875,0,0,0
0,47343531,3.60088,0,3.60088,0,0,0
0,47343552,5.51624,0,5.51624,0,0,0
0,47343573,6.12916,0,6.12916,0,0,0
0,47343592,5.8227,0,5.8227,0,0,0
0,47343613,4.7501,0,4.7501,0,0,0
0,47343634,3.60088,0,3.60088,0,0,0
0,47343655,2.68151,0,2.68151,0,0,0
0,47343675,3.75411,0,3.75411,0,0,0
0,47343695,4.13718,0,4.13718,0,0,0
0,47343715,2.98796,0,2.98796,0,0,0
0,47343736,2.1452,0,2.1452,0,0,0
0,47343759,1.68552,0,1.68552,0,0,0
0,47343775,1.37906,0,1.37906,0,0,0
0,47343796,1.22583,0,1.22583,0,0,0
0,47343816,1.0726,0,1.0726,0,0,0
0,47343836,0.995988,0,0.995988,0,0,0
0,47343961,0.995988,0,0.995988,0,0,0
0,47344021,0.995988,0,0.995988,0,0,0
0,47344042,0.919373,0,0.919373,0,0,0
0,47344066,0.995988,0,0.995988,0,0,0
0,47344084,0.995988,0,0.995988,0,0,0
0,47344104,0.995988,0,0.995988,0,0,0
0,47344124,0.919373,0,0.919373,0,0,0
0,47344205,0.919373,0,0.919373,0,0,0
0,47344286,0.919373,0,0.919373,0,0,0
0,47344309,0.919373,0,0.919373,0,0,0
0,47344326,0.842759,0,0.842759,0,0,0
0,47344346,0.842759,0,0.842759,0,0,0
0,47344410,0.842759,0,0.842759,0,0,0
0,47344451,0.919373,0,0.919373,0,0,0
0,47344470,0.919373,0,0.919373,0,0,0
0,47344491,0.842759,0,0.842759,0,0,0
0,47344515,0.842759,0,0.842759,0,0,0
0,47344532,0.919373,0,0.919373,0,0,0
0,47344551,0.842759,0,0.842759,0,0,0
0,47344593,0.842759,0,0.842759,0,0,0
0,47344613,0.842759,0,0.842759,0,0,0
0,47344654,0.842759,0,0.842759,0,0,0
0,47344716,0.919373,0,0.919373,0,0,0
0,47344736,0.919373,0,0.919373,0,0,0
0,47344776,0.919373,0,0.919373,0,0,0
0,47344796,0.842759,0,0.842759,0,0,0
0,47344841,0.842759,0,0.842759,0,0,0
0,47344877,0.842759,0,0.842759,0,0,0
0,47344897,0.842759,0,0.842759,0,0,0
0,47345002,0.842759,0,0.842759,0,0,0
0,47345065,0.842759,0,0.842759,0,0,0
0,47345081,0.766145,0,0.766145,0,0,0
0,47345164,0.842759,0,0.842759,0,0,0
0,47345184,0.842759,0,0.842759,0,0,0
0,47345245,0.842759,0,0.842759,0,0,0
0,47345306,0.842759,0,0.842759,0,0,0
0,47345327,0.919373,0,0.919373,0,0,0
0,47345367,0.919373,0,0.919373,0,0,0
0,47345389,0.842759,0,0.842759,0,0,0
0,47345409,0.842759,0,0.842759,0,0,0
0,47345454,0.919373,0,0.919373,0,0,0
0,47345469,0.842759,0,0.842759,0,0,0
0,47345551,0.842759,0,0.842759,0,0,0
0,47345571,0.842759,0,0.842759,0,0,0
0,47345612,0.919373,0,0.919373,0,0,0
0,47345631,0.919373,0,0.919373,0,0,0
0,47345714,0.919373,0,0.919373,0,0,0
0,47345775,0.842759,0,0.842759,0,0,0
0,47345799,0.842759,0,0.842759,0,0,0
0,47345816,0.842759,0,0.842759,0,0,0
0,47345837,0.842759,0,0.842759,0,0,0
0,47345879,0.842759,0,0.842759,0,0,0
0,47345899,0.766145,0,0.766145,0,0,0
0,47345979,0.766145,0,0.766145,0,0,0
0,47346001,0.68953,0,0.68953,0,0,0
0,47346020,0.68953,0,0.68953,0,0,0
0,47346062,0.766145,0,0.766145,0,0,0
0,47346081,0.842759,0,0.842759,0,0,0
0,47346142,0.842759,0,0.842759,0,0,0
0,47346224,0.919373,0,0.919373,0,0,0
0,47346266,0.919373,0,0.919373,0,0,0
0,47346306,0.842759,0,0.842759,0,0,0
0,47346326,0.842759,0,0.842759,0,0,0
0,47346347,0.842759,0,0.842759,0,0,0
0,47346387,0.842759,0,0.842759,0,0,0
0,47346409,0.842759,0,0.842759,0,0,0
0,47346509,0.842759,0,0.842759,0,0,0
0,47346529,0.842759,0,0.842759,0,0,0
0,47346591,0.842759,0,0.842759,0,0,0
0,47346635,0.842759,0,0.842759,0,0,0
0,47346756,0.842759,0,0.842759,0,0,0
0,47346816,0.919373,0,0.919373,0,0,0
0,47346857,0.919373,0,0.919373,0,0,0
0,47346877,0.919373,0,0.919373,0,0,0
0,47346897,0.842759,0,0.842759,0,0,0
0,47346917,0.842759,0,0.842759,0,0,0
0,47346959,0.842759,0,0.842759,0,0,0
0,47346981,0.842759,0,0.842759,0,0,0
0,47347050,0.842759,0,0.842759,0,0,0
0,47347083,0.842759,0,0.842759,0,0,0
0,47347104,0.842759,0,0.842759,0,0,0
0,47347164,0.919373,0,0.919373,0,0,0
0,47347182,0.919373,0,0.919373,0,0,0
0,47347265,0.842759,0,0.842759,0,0,0
0,47347285,0.766145,0,0.766145,0,0,0
0,47347305,0.766145,0,0.766145,0,0,0
0,47347351,0.842759,0,0.842759,0,0,0
0,47347367,0.842759,0,0.842759,0,0,0
0,47347387,0.919373,0,0.919373,0,0,0
0,47347449,0.842759,0,0.842759,0,0,0
0,47347510,0.842759,0,0.842759,0,0,0
0,47347573,0.842759,0,0.842759,0,0,0
0,47347620,0.842759,0,0.842759,0,0,0
0,47347630,0.842759,0,0.842759,0,0,0
0,47347695,0.842759,0,0.842759,0,0,0
0,47347735,0.766145,0,0.766145,0,0,0
0,47347795,0.842759,0,0.842759,0,0,0
0,47347836,0.842759,0,0.842759,0,0,0
0,47347898,0.842759,0,0.842759,0,0,0
0,47347957,0.842759,0,0.842759,0,0,0
0,47347979,0.842759,0,0.842759,0,0,0
0,47347999,0.842759,0,0.842759,0,0,0
0,47348142,0.766145,0,0.766145,0,0,0
0,47348166,0.766145,0,0.766145,0,0,0
0,47348182,0.766145,0,0.766145,0,0,0
0,47348204,0.842759,0,0.842759,0,0,0
0,47348241,0.842759,0,0.842759,0,0,0
0,47348245,0.842759,0,0.842759,0,0,0
0,47348284,0.766145,0,0.766145,0,0,0
0,47348325,0.842759,0,0.842759,0,0,0
0,47348366,0.766145,0,0.766145,0,0,0
0,47348389,0.766145,0,0.766145,0,0,0
0,47348406,0.842759,0,0.842759,0,0,0
0,47348447,0.842759,0,0.842759,0,0,0
0,47348530,0.919373,0,0.919373,0,0,0
0,47348550,0.919373,0,0.919373,0,0,0
0,47348570,0.842759,0,0.842759,0,0,0
0,47348590,0.842759,0,0.842759,0,0,0
0,47348610,0.842759,0,0.842759,0,0,0
0,47348651,0.842759,0,0.842759,0,0,0
0,47348692,0.842759,0,0.842759,0,0,0
0,47348712,0.842759,0,0.842759,0,0,0
0,47348734,0.842759,0,0.842759,0,0,0
0,47348815,0.842759,0,0.842759,0,0,0
0,47348835,0.842759,0,0.842759,0,0,0
0,47348896,0.919373,0,0.919373,0,0,0
0,47348916,0.842759,0,0.842759,0,0,0
0,47348937,0.842759,0,0.842759,0,0,0
0,47348956,0.766145,0,0.766145,0,0,0
0,47349019,0.766145,0,0.766145,0,0,0
0,47349082,0.766145,0,0.766145,0,0,0
0,47349100,0.766145,0,0.766145,0,0,0
0,47349162,0.842759,0,0.842759,0,0,0
0,47349265,0.842759,0,0.842759,0,0,0
0,47349284,0.842759,0,0.842759,0,0,0
0,47349314,0.842759,0,0.842759,0,0,0
0,47349322,0.842759,0,0.842759,0,0,0
0,47349365,0.766145,0,0.766145,0,0,0
0,47349405,0.842759,0,0.842759,0,0,0
0,47349449,0.842759,0,0.842759,0,0,0
0,47349466,0.842759,0,0.842759,0,0,0
0,47349487,0.766145,0,0.766145,0,0,0
0,47349527,0.766145,0,0.766145,0,0,0
0,47349569,0.842759,0,0.842759,0,0,0
0,47349630,0.842759,0,0.842759,0,0,0
0,47349650,0.842759,0,0.842759,0,0,0
0,47349671,0.842759,0,0.842759,0,0,0
0,47349712,0.842759,0,0.842759,0,0,0
0,47349752,0.842759,0,0.842759,0,0,0
0,47349772,0.842759,0,0.842759,0,0,0
0,47349836,0.842759,0,0.842759,0,0,0
0,47349895,0.842759,0,0.842759,0,0,0
0,47349916,0.766145,0,0.766145,0,0,0
0,47350021,0.766145,0,0.766145,0,0,0
0,47350059,0.842759,0,0.842759,0,0,0
0,47350100,0.919373,0,0.919373,0,0,0
0,47350140,0.919373,0,0.919373,0,0,0
0,47350162,0.842759,0,0.842759,0,0,0
0,47350181,0.766145,0,0.766145,0,0,0
0,47350201,0.766145,0,0.766145,0,0,0
0,47350264,0.842759,0,0.842759,0,0,0
0,47350304,0.842759,0,0.842759,0,0,0
0,47350324,0.842759,0,0.842759,0,0,0
0,47350446,0.842759,0,0.842759,0,0,0
0,47350486,0.766145,0,0.766145,0,0,0
0,47350576,0.842759,0,0.842759,0,0,0
0,47350589,0.842759,0,0.842759,0,0,0
0,47350650,0.842759,0,0.842759,0,0,0
0,47350670,0.842759,0,0.842759,0,0,0
0,47350731,0.842759,0,0.842759,0,0,0
0,47350752,0.842759,0,0.842759,0,0,0
0,47350772,0.842759,0,0.842759,0,0,0
0,47350856,0.842759,0,0.842759,0,0,0
0,47350894,0.842759,0,0.842759,0,0,0
0,47350955,0.842759,0,0.842759,0,0,0
0,47351016,0.842759,0,0.842759,0,0,0
0,47351101,0.842759,0,0.842759,0,0,0
0,47351160,0.919373,0,0.919373,0,0,0
0,47351180,0.919373,0,0.919373,0,0,0
0,47351201,0.919373,0,0.919373,0,0,0
0,47351221,0.842759,0,0.842759,0,0,0
0,47351241,0.842759,0,0.842759,0,0,0
0,47351261,0.842759,0,0.842759,0,0,0
0,47351282,0.766145,0,0.766145,0,0,0
0,47351302,0.766145,0,0.766145,0,0,0
0,47351344,0.766145,0,0.766145,0,0,0
0,47351384,0.842759,0,0.842759,0,0,0
0,47351466,0.842759,0,0.842759,0,0,0
0,47351486,0.842759,0,0.842759,0,0,0
0,47351526,0.842759,0,0.842759,0,0,0
0,47351607,0.766145,0,0.766145,0,0,0
0,47351649,0.842759,0,0.842759,0,0,0
0,47351669,0.842759,0,0.842759,0,0,0
0,47351690,0.919373,0,0.919373,0,0,0
0,47351730,0.919373,0,0.919373,0,0,0
0,47351751,0.919373,0,0.919373,0,0,0
0,47351771,0.995988,0,0.995988,0,0,0
0,47351812,0.919373,0,0.919373,0,0,0
0,47351844,0.842759,0,0.842759,0,0,0
0,47351875,0.842759,0,0.842759,0,0,0
0,47351892,0.766145,0,0.766145,0,0,0
0,47351914,0.766145,0,0.766145,0,0,0
0,47351934,0.842759,0,0.842759,0,0,0
0,47351976,0.766145,0,0.766145,0,0,0
0,47351997,0.766145,0,0.766145,0,0,0
0,47352160,0.766145,0,0.766145,0,0,0
0,47352220,0.766145,0,0.766145,0,0,0
0,47352241,0.766145,0,0.766145,0,0,0
0,47352281,0.766145,0,0.766145,0,0,0
0,47352302,0.842759,0,0.842759,0,0,0
0,47352364,0.842759,0,0.842759,0,0,0
0,47352425,0.842759,0,0.842759,0,0,0
0,47352445,0.766145,0,0.766145,0,0,0
0,47352463,0.766145,0,0.766145,0,0,0
0,47352526,0.766145,0,0.766145,0,0,0
0,47352546,0.68953,0,0.68953,0,0,0
0,47352587,0.766145,0,0.766145,0,0,0
0,47352607,0.766145,0,0.766145,0,0,0
0,47352770,0.842759,0,0.842759,0,0,0
0,47352790,0.919373,0,0.919373,0,0,0
0,47352810,0.842759,0,0.842759,0,0,0
0,47352874,0.842759,0,0.842759,0,0,0
0,47352891,0.766145,0,0.766145,0,0,0
